This is LuaHBTeX, Version 1.14.0 (TeX Live 2022/dev/Debian)  (format=lualatex 2026.5.5)  5 MAY 2026 21:36
 restricted system commands enabled.
**swebok_v4_ch01_06_ja_integrated.tex
(./swebok_v4_ch01_06_ja_integrated.tex
LaTeX2e <2021-11-15> patch level 1
Lua module: luaotfload 2021-05-21 3.18 Lua based OpenType font support
Lua module: lualibs 2021-05-20 2.74 ConTeXt Lua standard libraries.
Lua module: lualibs-extended 2021-05-20 2.74 ConTeXt Lua libraries -- extended c
ollection.
luaotfload | conf : Root cache directory is "/home/t-tsuji/.texlive2021/texmf-va
r/luatex-cache/generic/names".
luaotfload | init : Loading fontloader "fontloader-2021-05-20.lua" from kpse-res
olved path "/usr/share/texlive/texmf-dist/tex/luatex/luaotfload/fontloader-2021-
05-20.lua".
Lua-only attribute luaotfload@noligature = 1
Lua-only attribute luaotfload@syllabe = 2
luaotfload | init : Context OpenType loader version 3.116
Inserting `luaotfload.node_processor' at position 1 in `pre_linebreak_filter'.
Inserting `luaotfload.node_processor' at position 1 in `hpack_filter'.
Inserting `luaotfload.glyph_stream' at position 1 in `glyph_stream_provider'.
Inserting `luaotfload.define_font' at position 1 in `define_font'.
Lua-only attribute luaotfload_color_attribute = 3
luaotfload | conf : Root cache directory is "/home/t-tsuji/.texlive2021/texmf-va
r/luatex-cache/generic/names".
Inserting `luaotfload.harf.strip_prefix' at position 1 in `find_opentype_file'.
Inserting `luaotfload.harf.strip_prefix' at position 1 in `find_truetype_file'.
Inserting `luaotfload.harf.finalize_vlist' at position 1 in `post_linebreak_filt
er'.
Inserting `luaotfload.harf.finalize_hlist' at position 2 in `hpack_filter'.
Inserting `luaotfload.cleanup_files' at position 1 in `wrapup_run'.
Inserting `luaotfload.harf.finalize_unicode' at position 1 in `finish_pdffile'.
Inserting `luaotfload.glyphinfo' at position 1 in `glyph_info'.
Lua-only attribute luaotfload.letterspace_done = 4
Inserting `luaotfload.aux.set_sscale_dimens' at position 1 in `luaotfload.patch_
font'.
Inserting `luaotfload.aux.set_font_index' at position 2 in `luaotfload.patch_fon
t'.
Inserting `luaotfload.aux.patch_cambria_domh' at position 3 in `luaotfload.patch
_font'.
Inserting `luaotfload.aux.fixup_fontdata' at position 1 in `luaotfload.patch_fon
t_unsafe'.
Inserting `luaotfload.aux.set_capheight' at position 4 in `luaotfload.patch_font
'.
Inserting `luaotfload.aux.set_xheight' at position 5 in `luaotfload.patch_font'.
Inserting `luaotfload.rewrite_fontname' at position 6 in `luaotfload.patch_font'
. L3 programming layer <2022-01-21>
Inserting `tracingstacklevels' at position 1 in `input_level_string'.
(/usr/share/texlive/texmf-dist/tex/luatex/luatexja/ltjsarticle.cls
Document Class: ltjsarticle 2020/12/23 ltjsclasses 
(/usr/share/texlive/texmf-dist/tex/luatex/luatexja/luatexja.sty
Package: luatexja 2022-01-03 Japanese Typesetting with Lua(La)TeX

(/usr/share/texlive/texmf-dist/tex/luatex/luatexja/luatexja-core.sty
Package: luatexja-core 2021-05-21 Core of LuaTeX-ja

(/usr/share/texlive/texmf-dist/tex/luatex/luatexbase/luatexbase.sty
Package: luatexbase 2015/10/04 v1.3 luatexbase interface to LuaTeX 

(/usr/share/texlive/texmf-dist/tex/luatex/ctablestack/ctablestack.sty
Package: ctablestack 2015/10/01 v1.0 Catcode table stable support
\@catcodetablestackcnt=\count183
)
\CatcodeTableOther=\catcodetable12
\CatcodeTableExpl=\catcodetable13
)
(/usr/share/texlive/texmf-dist/tex/generic/ltxcmds/ltxcmds.sty
Package: ltxcmds 2020-05-10 v1.25 LaTeX kernel commands for general use (HO)
)
(/usr/share/texlive/texmf-dist/tex/generic/pdftexcmds/pdftexcmds.sty
Package: pdftexcmds 2020-06-27 v0.33 Utility functions of pdfTeX for LuaTeX (HO
)

(/usr/share/texlive/texmf-dist/tex/generic/infwarerr/infwarerr.sty
Package: infwarerr 2019/12/03 v1.5 Providing info/warning/error messages (HO)
)
(/usr/share/texlive/texmf-dist/tex/generic/iftex/iftex.sty
Package: iftex 2020/03/06 v1.0d TeX engine tests
)
Package pdftexcmds Info: \pdf@primitive is available.
Package pdftexcmds Info: \pdf@ifprimitive is available.
Package pdftexcmds Info: \pdfdraftmode found.
\pdftexcmds@toks=\toks16
)
(/usr/share/texlive/texmf-dist/tex/latex/xkeyval/xkeyval.sty
Package: xkeyval 2020/11/20 v2.8 package option processing (HA)

(/usr/share/texlive/texmf-dist/tex/generic/xkeyval/xkeyval.tex
(/usr/share/texlive/texmf-dist/tex/generic/xkeyval/xkvutils.tex
\XKV@toks=\toks17
\XKV@tempa@toks=\toks18

(/usr/share/texlive/texmf-dist/tex/generic/xkeyval/keyval.tex))
\XKV@depth=\count184
File: xkeyval.tex 2014/12/03 v2.7a key=value parser (HA)
))
(/usr/share/texlive/texmf-dist/tex/latex/etoolbox/etoolbox.sty
Package: etoolbox 2020/10/05 v2.5k e-TeX tools for LaTeX (JAW)
\etb@tempcnta=\count185
)
(/usr/share/texlive/texmf-dist/tex/latex/everyhook/everyhook.sty
(/usr/share/texlive/texmf-dist/tex/latex/svn-prov/svn-prov.sty
Package: svn-prov 2010/04/24 v3.1862 Package Date/Version from SVN Keywords
)
Package: everyhook 2014/11/26 v1.2 (SVN Rev: 12)\ Hooks for low level TeX every
X primitives.
\everypar=\toks19
\frozen@everymath=\toks20
\frozen@everydisplay=\toks21
\everyhbox=\toks22
\everyvbox=\toks23
\everycr=\toks24
)
\ltjlineendcomment=\count186
\ltj@dimen@zw=\dimen137
\ltj@dimen@zh=\dimen138
\ltj@dimen@jQ=\dimen139
\ltj@icflag=\attribute5
\ltj@curjfnt=\attribute6
\ltj@curtfnt=\attribute7
\ltj@charclass=\attribute8
\ltj@charcode=\attribute9
\ltj@autospc=\attribute10
\ltj@autoxspc=\attribute11
\ltj@yablshift=\attribute12
\ltj@ykblshift=\attribute13
\ltj@tablshift=\attribute14
\ltj@tkblshift=\attribute15
\jfam=\attribute16
\ltj@vert@ori=\attribute17
\ltj@dir=\attribute18
\ltj@@japanese=\language2
\ltj@tempcnta=\count187
\ltj@kcat0=\attribute19
\ltj@kcat1=\attribute20
\ltj@kcat2=\attribute21
\ltj@kcat3=\attribute22
\ltj@kcat4=\attribute23
\ltj@kcat5=\attribute24
\ltj@kcat6=\attribute25
Custom whatsit inhibitglue = 1
Custom whatsit stack_marker = 2
Custom whatsit begin_par = 3
Custom whatsit direction = 4
Custom whatsit box_boundary = 5
Custom whatsit ja_al_boundary = 6(load cache: ltj-cid-auto-adobe-japan1.luc)
Lua module: luatexja.charrange 2020-07-30 Handling the range of Japanese charact
ers
Lua module: luatexja.stack 2020-07-30 LuaTeX-ja stack system
Inserting `ltj.create_dir_whatsit' at position 3 in `hpack_filter'.
Inserting `ltj.create_dir_whatsit' at position 2 in `post_linebreak_filter'.
Inserting `ltj.direction' at position 1 in `vpack_filter'.
Inserting `ltj.direction' at position 1 in `pre_output_filter'.
Inserting `ltj.lineskip' at position 3 in `post_linebreak_filter'.
Inserting `ltj.lineskip' at position 1 in `append_to_vlist_filter'.
Lua module: luatexja.jfont 2021-11-06 Loader for Japanese fonts
Removing  `luaotfload.define_font' from `define_font'.
Inserting `luatexja.font_callback' at position 1 in `define_font'.
Removing  `luaotfload.aux.set_sscale_dimens' from `luaotfload.patch_font'.
Removing  `luaotfload.aux.set_font_index' from `luaotfload.patch_font'.
Removing  `luaotfload.aux.patch_cambria_domh' from `luaotfload.patch_font'.
Removing  `luaotfload.aux.set_capheight' from `luaotfload.patch_font'.
Removing  `luaotfload.aux.set_xheight' from `luaotfload.patch_font'.
Removing  `luaotfload.rewrite_fontname' from `luaotfload.patch_font'.
Inserting `ltj.prepare_extra_data' at position 1 in `luaotfload.patch_font'.
Inserting `luaotfload.aux.set_sscale_dimens' at position 2 in `luaotfload.patch_
font'.
Inserting `luaotfload.aux.set_font_index' at position 3 in `luaotfload.patch_fon
t'.
Inserting `luaotfload.aux.patch_cambria_domh' at position 4 in `luaotfload.patch
_font'.
Inserting `luaotfload.aux.set_capheight' at position 5 in `luaotfload.patch_font
'.
Inserting `luaotfload.aux.set_xheight' at position 6 in `luaotfload.patch_font'.
Inserting `luaotfload.rewrite_fontname' at position 7 in `luaotfload.patch_font'
.
Inserting `ltj.prepare_extra_data' at position 1 in `luatexja.define_font'.
Inserting `ltj.get_vert_form' at position 1 in `luatexja.define_jfont'.
Removing  `ltj.prepare_extra_data' from `luaotfload.patch_font'.
Removing  `luaotfload.aux.set_sscale_dimens' from `luaotfload.patch_font'.
Removing  `luaotfload.aux.set_font_index' from `luaotfload.patch_font'.
Removing  `luaotfload.aux.patch_cambria_domh' from `luaotfload.patch_font'.
Removing  `luaotfload.aux.set_capheight' from `luaotfload.patch_font'.
Removing  `luaotfload.aux.set_xheight' from `luaotfload.patch_font'.
Removing  `luaotfload.rewrite_fontname' from `luaotfload.patch_font'.
Inserting `ltj.supply_tounicode' at position 1 in `luaotfload.patch_font'.
Inserting `ltj.prepare_extra_data' at position 2 in `luaotfload.patch_font'.
Inserting `luaotfload.aux.set_sscale_dimens' at position 3 in `luaotfload.patch_
font'.
Inserting `luaotfload.aux.set_font_index' at position 4 in `luaotfload.patch_fon
t'.
Inserting `luaotfload.aux.patch_cambria_domh' at position 5 in `luaotfload.patch
_font'.
Inserting `luaotfload.aux.set_capheight' at position 6 in `luaotfload.patch_font
'.
Inserting `luaotfload.aux.set_xheight' at position 7 in `luaotfload.patch_font'.
Inserting `luaotfload.rewrite_fontname' at position 8 in `luaotfload.patch_font'
.
Inserting `ltj.process_input_buffer' at position 1 in `process_input_buffer'.
Inserting `ltj.hyphenate' at position 1 in `hyphenate'.
Removing  `luaotfload.node_processor' from `hpack_filter'.
Removing  `luaotfload.harf.finalize_hlist' from `hpack_filter'.
Removing  `ltj.create_dir_whatsit' from `hpack_filter'.
Inserting `ltj.set_stack_level' at position 1 in `hpack_filter'.
Inserting `luaotfload.node_processor' at position 2 in `hpack_filter'.
Inserting `luaotfload.harf.finalize_hlist' at position 3 in `hpack_filter'.
Inserting `ltj.create_dir_whatsit' at position 4 in `hpack_filter'.
Removing  `luaotfload.node_processor' from `pre_linebreak_filter'.
Inserting `ltj.set_stack_level' at position 1 in `pre_linebreak_filter'.
Inserting `luaotfload.node_processor' at position 2 in `pre_linebreak_filter'.
Lua module: luatexja.jfmglue 2022-01-02 Insertion process of JFM glues, [x]kanji
skip and others
Inserting `luatexja.beginpar.np_info' at position 1 in `luatexja.jfmglue.whatsit
_getinfo'.
Inserting `luatexja.beginpar.np_info_after' at position 1 in `luatexja.jfmglue.w
hatsit_after'.
Inserting `ltj.mlist_to_hlist_pre' at position 1 in `pre_mlist_to_hlist_filter'.
Inserting `ltj.main' at position 3 in `pre_linebreak_filter'.
Removing  `luaotfload.harf.finalize_hlist' from `hpack_filter'.
Removing  `ltj.create_dir_whatsit' from `hpack_filter'.
Inserting `ltj.main' at position 3 in `hpack_filter'.
Inserting `luaotfload.harf.finalize_hlist' at position 4 in `hpack_filter'.
Inserting `ltj.create_dir_whatsit' at position 5 in `hpack_filter'.
Removing  `ltj.set_stack_level' from `pre_linebreak_filter'.
Removing  `luaotfload.node_processor' from `pre_linebreak_filter'.
Removing  `ltj.main' from `pre_linebreak_filter'.
Inserting `ltj.adjust_icflag' at position 1 in `pre_linebreak_filter'.
Inserting `ltj.set_stack_level' at position 2 in `pre_linebreak_filter'.
Inserting `luaotfload.node_processor' at position 3 in `pre_linebreak_filter'.
Inserting `ltj.main' at position 4 in `pre_linebreak_filter'.
Removing  `ltj.set_stack_level' from `hpack_filter'.
Removing  `luaotfload.node_processor' from `hpack_filter'.
Removing  `ltj.main' from `hpack_filter'.
Removing  `luaotfload.harf.finalize_hlist' from `hpack_filter'.
Removing  `ltj.create_dir_whatsit' from `hpack_filter'.
Inserting `ltj.adjust_icflag' at position 1 in `hpack_filter'.
Inserting `ltj.set_stack_level' at position 2 in `hpack_filter'.
Inserting `luaotfload.node_processor' at position 3 in `hpack_filter'.
Inserting `ltj.main' at position 4 in `hpack_filter'.
Inserting `luaotfload.harf.finalize_hlist' at position 5 in `hpack_filter'.
Inserting `ltj.create_dir_whatsit' at position 6 in `hpack_filter'.
(/usr/share/texlive/texmf-dist/tex/luatex/luatexja/ltj-base.sty
Package: ltj-base 2021-03-16
\ltj@tempcntb=\count188
\ltj@tempcntc=\count189
\ltj@tempdima=\dimen140
\ltj@afbox=\box50
)
\ltj@@italic@inner=\luafunction25
\ltj@@start@time@measure@inner=\luafunction26
\ltj@@stop@time@measure@inner=\luafunction27
\ltj@@jfont@inner=\luafunction28
\ltj@zw@inner=\luafunction29
\ltj@zh@inner=\luafunction30
\ltj@reset@globaldefs@inner=\luafunction31
\ltj@restore@globaldefs@inner=\luafunction32
\ltj@@disihb@inner=\luafunction33
\ltj@@ihb@inner=\luafunction34
\ltj@@fakeparbegin@inner=\luafunction35
\ltj@@fakeboxbdd@inner=\luafunction36
\ltj@@ins@xk@inner=\luafunction37
\ltj@@ins@k@inner=\luafunction38
\ltj@@stack=\count190
\ltj@@group@level=\count191
\ltjsetkanjiskip@inner=\luafunction39
\ltjsetxkanjiskip@inner=\luafunction40
\ltj@@getparam@one@inner=\luafunction41
\ltj@alljachar@inner=\luafunction42
\ltj@@lua@populate@insertwhatsit@inner=\luafunction43
\ltj@@vadjust@dirhook@inner=\luafunction44
\ltj@@vadjust@check@dir@inner=\luafunction45
\ltj@@box@dirhook@inner=\luafunction46
\ltj@@reset@badness@inner=\luafunction47
\ltj@@lua@raisebox@inner=\luafunction48
\ltj@@lua@unboxcheckdir@inner=\luafunction49
(load cache: ltj-kinsoku_default.luc)
(/usr/share/texlive/texmf-dist/tex/luatex/luatexja/ltj-latex.sty
Package: ltj-latex 2021-10-24 LaTeX support of LuaTeX-ja
Inserting `ltj.direction' at position 1 in `pre_shipout_filter'.
(/usr/share/texlive/texmf-dist/tex/luatex/luatexja/patches/lltjfont.sty
Package: lltjfont 2021-05-26 Patch to NFSS2 for LuaTeX-ja
\ltj@@latex@plv=\count192

(/usr/share/texlive/texmf-dist/tex/latex/base/tuenc.def
File: tuenc.def 2021/04/29 v2.0v Standard LaTeX file
\@remove@tlig@@@@=\luafunction50
LaTeX Font Info:    Redeclaring font encoding TU on input line 106.
)
\Cht=\dimen141
\cht=\dimen142
\Cdp=\dimen143
\cdp=\dimen144
\Cwd=\dimen145
\cwd=\dimen146
\Cvs=\dimen147
\cvs=\dimen148
\Chs=\dimen149
\chs=\dimen150
\cHT=\dimen151
\dstrutbox=\box51
\tstrutbox=\box52
\zstrutbox=\box53
LaTeX Info: Redefining \strut on input line 91.
\ltj@@add@fenc@@inner=\luafunction51
\ltj@@add@kyenc@@inner=\luafunction52
\ltj@@add@ktenc@@inner=\luafunction53
\ltj@@is@kyenc@@inner=\luafunction54
\ltj@@is@ktenc@@inner=\luafunction55
\ltj@@is@kenc@@inner=\luafunction56
\ltj@@is@ffam@@inner=\luafunction57
\ltj@@add@ffam@@inner=\luafunction58
\ltj@@add@kfam@@inner=\luafunction59
\ltj@@adjust@baseline@inner=\luafunction60
LaTeX Info: Redefining \fontencoding on input line 645.
LaTeX Info: Redefining \fontfamily on input line 688.
LaTeX Info: Redefining \fontseries on input line 922.
LaTeX Info: Redefining \fontseriesforce on input line 923.
LaTeX Info: Redefining \fontshape on input line 943.
LaTeX Info: Redefining \fontshapeforce on input line 954.
\ltj@@jfont@@jfmonly@@inner=\luafunction61
\ltj@@does@alt@set@@inner=\luafunction62
)
(/usr/share/texlive/texmf-dist/tex/luatex/luatexja/patches/lltjdefs.sty
Package: lltjdefs 2021-04-29 Default font settings of LuaTeX-ja
luaotfload | db : Font names database loaded from /home/t-tsuji/.texlive2021/tex
mf-var/luatex-cache/generic/names/luaotfload-names.luc(load cache: extra_lmroman
10-regular.luc)
LaTeX Font Info:    Font shape `JT3/mc/m/n' will be
(Font)              scaled to size 9.24713pt on input line 75.

(/usr/share/texlive/texmf-dist/tex/luatex/luatexja/jfm-ujisv.lua)
LaTeX Font Info:    Font shape `JY3/mc/m/n' will be
(Font)              scaled to size 9.24713pt on input line 75.
(load cache: extra_haranoajimincho-regular.luc)
(/usr/share/texlive/texmf-dist/tex/luatex/luatexja/jfm-ujis.lua)
\symmincho=\mathgroup4
LaTeX Font Info:    Overwriting symbol font `mincho' in version `bold'
(Font)                  JY3/mc/m/n --> JY3/gt/m/n on input line 84.
)
(/usr/share/texlive/texmf-dist/tex/luatex/luatexja/patches/lltjcore.sty
Package: lltjcore 2021-03-25 Patch to LaTeX2e Kernel for LuaTeX-ja

(/usr/share/texlive/texmf-dist/tex/latex/l3kernel/expl3.sty
Package: expl3 2022-01-21 L3 programming layer (loader) 

(/usr/share/texlive/texmf-dist/tex/latex/l3backend/l3backend-luatex.def
File: l3backend-luatex.def 2022-01-12 L3 backend support: PDF output (LuaTeX)
\l__color_backend_stack_int=\count193
\l__pdf_internal_box=\box54
))
\@tombowwidth=\dimen152
\@TL=\box55
\@Tl=\box56
\@TC=\box57
\@TR=\box58
\@Tr=\box59
\@BL=\box60
\@Bl=\box61
\@BC=\box62
\@BR=\box63
\@Br=\box64
\@CL=\box65
\@CR=\box66
(load cache: extra_lmmono9-regular.luc)
\@bannertoken=\toks25
\@@paperheight=\dimen153
\@@paperwidth=\dimen154
\@@topmargin=\dimen155
LaTeX Info: Redefining \underline on input line 261.
)
(/usr/share/texlive/texmf-dist/tex/luatex/luatexja/patches/lltjp-atbegshi.sty
Package: lltjp-atbegshi 2021-04-29 Patching \shipout hooks for LuaTeX-ja
\l__platex_shipout_dummy_box=\box67
)
(/usr/share/texlive/texmf-dist/tex/luatex/luatexja/patches/lltjp-geometry.sty
Package: lltjp-geometry 2021-10-24 Patch to geometry for LuaTeX-ja with vertica
l writing mode

(/usr/share/texlive/texmf-dist/tex/generic/iftex/ifluatex.sty
Package: ifluatex 2019/10/25 v1.5 ifluatex legacy package. Use iftex instead.
)))
\ltj@temp@cctb=\catcodetable14
)
(/usr/share/texlive/texmf-dist/tex/luatex/luatexja/luatexja-compat.sty
Package: luatexja-compat 2020-08-08 Compatibility with pTeX
(load cache: ltj-jisx0208.luc)
\hour=\count194
\minute=\count195
))
\jsc@mpt=\dimen156
\jsc@mmm=\dimen157
\ltjs@@magnify@font@calc=\luafunction63
\jsc@smallskipamount=\skip47
(load cache: extra_lmroman9-regular.luc)
LaTeX Font Info:    Font shape `JY3/mc/m/n' will be
(Font)              scaled to size 8.44485pt on input line 414.
LaTeX Font Info:    Font shape `JT3/mc/m/n' will be
(Font)              scaled to size 9.24713pt on input line 414.
LaTeX Font Info:    Font shape `JY3/mc/m/n' will be
(Font)              scaled to size 9.24713pt on input line 414.
\fullwidth=\dimen158
(load cache: extra_lmroman8-regular.luc)
LaTeX Font Info:    Font shape `JT3/mc/m/n' will be
(Font)              scaled to size 7.3977pt on input line 555.
LaTeX Font Info:    Font shape `JY3/mc/m/n' will be
(Font)              scaled to size 7.3977pt on input line 555.
\c@part=\count196
\c@section=\count197
\c@subsection=\count198
\c@subsubsection=\count199
\c@paragraph=\count266
\c@subparagraph=\count267
\@abstractbox=\box68
\c@figure=\count268
\c@table=\count269
\abovecaptionskip=\skip48
\belowcaptionskip=\skip49
LaTeX Info: Redefining \mc on input line 1208.
LaTeX Info: Redefining \gt on input line 1209.
\jsc@tocl@width=\dimen159
\@lnumwidth=\dimen160
\bibindent=\dimen161

(/usr/share/texlive/texmf-dist/tex/platex/jsclasses/jslogo.sty
Package: jslogo 2019/07/25 okumura, texjporg
LaTeX Info: Redefining \TeX on input line 82.
LaTeX Info: Redefining \LaTeX on input line 135.
LaTeX Info: Redefining \LaTeXe on input line 188.
)
\heisei=\count270

(/usr/share/texlive/texmf-dist/tex/latex/sttools/stfloats.sty
Package: stfloats 2017/03/27 v3.3 Improve float mechanism and baselineskip sett
ings
\@dblbotnum=\count271
\c@dblbotnumber=\count272
)
(/usr/share/texlive/texmf-dist/tex/luatex/luatexja/patches/lltjp-stfloats.sty)) (/usr/share/texlive/texmf-dist/tex/luatex/luatexja/addons/luatexja-preset.sty
Package: luatexja-preset 2020-09-14 Japanese font presets

(/usr/share/texlive/texmf-dist/tex/latex/l3packages/l3keys2e/l3keys2e.sty
Package: l3keys2e 2022-01-12 LaTeX2e option processing using LaTeX3 keys
)
\g__ltjpreset_applycount_int=\count273

(/usr/share/texlive/texmf-dist/tex/luatex/luatexja/addons/luatexja-fontspec.sty
Package: luatexja-fontspec 2020-09-14 fontspec support of LuaTeX-ja
(/usr/share/texlive/texmf-dist/tex/latex/fontspec/fontspec.sty
(/usr/share/texlive/texmf-dist/tex/latex/l3packages/xparse/xparse.sty
Package: xparse 2022-01-12 L3 Experimental document command parser
)
Package: fontspec 2022/01/15 v2.8a Font selection for XeLaTeX and LuaLaTeX
Lua module: fontspec 2022/01/15 2.8a Font selection for XeLaTeX and LuaLaTeX
(/usr/share/texlive/texmf-dist/tex/latex/fontspec/fontspec-luatex.sty
Package: fontspec-luatex 2022/01/15 v2.8a Font selection for XeLaTeX and LuaLaT
eX
\l__fontspec_script_int=\count274
\l__fontspec_language_int=\count275
\l__fontspec_strnum_int=\count276
\l__fontspec_tmp_int=\count277
\l__fontspec_tmpa_int=\count278
\l__fontspec_tmpb_int=\count279
\l__fontspec_tmpc_int=\count280
\l__fontspec_em_int=\count281
\l__fontspec_emdef_int=\count282
\l__fontspec_strong_int=\count283
\l__fontspec_strongdef_int=\count284
\l__fontspec_tmpa_dim=\dimen162
\l__fontspec_tmpb_dim=\dimen163
\l__fontspec_tmpc_dim=\dimen164

(/usr/share/texlive/texmf-dist/tex/latex/base/fontenc.sty
Package: fontenc 2021/04/29 v2.0v Standard LaTeX package
)
(/usr/share/texlive/texmf-dist/tex/latex/fontspec/fontspec.cfg)(load cache: extr
a_lmroman10-bold.luc)
LaTeX Font Info:    Font shape `JT3/mc/b/n' in size <10> not available
(Font)              Font shape `JT3/gt/m/n' tried instead on input line 3901.
LaTeX Font Info:    Font shape `JT3/gt/m/n' will be
(Font)              scaled to size 8.44485pt on input line 3901.
LaTeX Font Info:    Font shape `JY3/mc/b/n' in size <10> not available
(Font)              Font shape `JY3/gt/m/n' tried instead on input line 3901.
LaTeX Font Info:    Font shape `JY3/gt/m/n' will be
(Font)              scaled to size 8.44485pt on input line 3901.
(load cache: extra_haranoajigothic-medium.luc)))
(/usr/share/texlive/texmf-dist/tex/luatex/luatexja/patches/lltjp-fontspec.sty)
(/usr/share/texlive/texmf-dist/tex/luatex/luatexja/addons/luatexja-fontspec-27c
.sty
Package: luatexja-fontspec-27c 2020-04-04 fontspec support of LuaTeX-ja
\g__ltj_fontspec_altnumber_int=\count285
))

Package luatexja-preset Warning: Japanese fonts will be scaled by 0.924715.


Package luatexja-fontspec Warning: \addjfontfeature(s) ignored;
(luatexja-fontspec)                it cannot be used with a font that wasn't
(luatexja-fontspec)                selected by luatexja-fontspec.


Package fontspec Info: Font family 'HaranoAjiMincho-Regular.otf(0)' created
(fontspec)             for font 'HaranoAjiMincho-Regular.otf' with options
(fontspec)             [YokoFeatures={JFM=ujis},TateFeatures={JFM=ujisv},Scale=
0.924715,Kerning=Off,Script=CJK,BoldFont=HaranoAjiGothic-Medium.otf,YokoFeature
s={JFM=ujis},TateFeatures={JFM=ujisv},Script=CJK].
(fontspec)              
(fontspec)              This font family consists of the following NFSS
(fontspec)             series/shapes:
(fontspec)              

LaTeX Font Info:    Redeclaring symbol font `mincho' on input line 718.
LaTeX Font Info:    Overwriting symbol font `mincho' in version `normal'
(Font)                  JY3/mc/m/n --> JY3/HaranoAjiMincho-Regular.otf(0)/m/n o
n input line 718.
LaTeX Font Info:    Overwriting symbol font `mincho' in version `bold'
(Font)                  JY3/gt/m/n --> JY3/HaranoAjiMincho-Regular.otf(0)/m/n o
n input line 718.
LaTeX Font Info:    Overwriting symbol font `mincho' in version `bold'
(Font)                  JY3/HaranoAjiMincho-Regular.otf(0)/m/n --> JY3/HaranoAj
iMincho-Regular.otf(0)/b/n on input line 718.
LaTeX Font Info:    Font shape `JT3/HaranoAjiMincho-Regular.otf(0)/m/n' will be

(Font)              scaled to size 9.24713pt on input line 718.
LaTeX Font Info:    Font shape `JY3/HaranoAjiMincho-Regular.otf(0)/m/n' will be

(Font)              scaled to size 9.24713pt on input line 718.

Package fontspec Info: Font family 'HaranoAjiGothic-Medium.otf(0)' created for
(fontspec)             font 'HaranoAjiGothic-Medium.otf' with options
(fontspec)             [YokoFeatures={JFM=ujis},TateFeatures={JFM=ujisv},Scale=
0.924715,Kerning=Off,Script=CJK,BoldFont=HaranoAjiGothic-Medium.otf,YokoFeature
s={JFM=ujis},TateFeatures={JFM=ujisv},Script=CJK].
(fontspec)              
(fontspec)              This font family consists of the following NFSS
(fontspec)             series/shapes:
(fontspec)              

LaTeX Font Info:    Redeclaring math alphabet \mathgt on input line 718.
LaTeX Font Info:    Overwriting math alphabet `\mathgt' in version `normal'
(Font)                  JY3/gt/m/n --> JY3/HaranoAjiGothic-Medium.otf(0)/m/n on
 input line 718.
LaTeX Font Info:    Overwriting math alphabet `\mathgt' in version `bold'
(Font)                  JY3/gt/m/n --> JY3/HaranoAjiGothic-Medium.otf(0)/m/n on
 input line 718.
) (/usr/share/texlive/texmf-dist/tex/latex/geometry/geometry.sty
Package: geometry 2020/01/02 v5.9 Page Geometry

(/usr/share/texlive/texmf-dist/tex/generic/iftex/ifvtex.sty
Package: ifvtex 2019/10/25 v1.7 ifvtex legacy package. Use iftex instead.
)
\Gm@cnth=\count286
\Gm@cntv=\count287
\c@Gm@tempcnt=\count288
\Gm@bindingoffset=\dimen165
\Gm@wd@mp=\dimen166
\Gm@odd@mp=\dimen167
\Gm@even@mp=\dimen168
\Gm@layoutwidth=\dimen169
\Gm@layoutheight=\dimen170
\Gm@layouthoffset=\dimen171
\Gm@layoutvoffset=\dimen172
\Gm@dimlist=\toks26
)
(/usr/share/texlive/texmf-dist/tex/latex/setspace/setspace.sty
Package: setspace 2011/12/19 v6.7a set line spacing
)
(/usr/share/texlive/texmf-dist/tex/latex/fancyhdr/fancyhdr.sty
Package: fancyhdr 2021/01/28 v4.0.1 Extensive control of page headers and foote
rs
\f@nch@headwidth=\skip50
\f@nch@O@elh=\skip51
\f@nch@O@erh=\skip52
\f@nch@O@olh=\skip53
\f@nch@O@orh=\skip54
\f@nch@O@elf=\skip55
\f@nch@O@erf=\skip56
\f@nch@O@olf=\skip57
\f@nch@O@orf=\skip58
)
(/usr/share/texlive/texmf-dist/tex/latex/lastpage/lastpage.sty
Package: lastpage 2021/09/03 v1.2n Refers to last page's name (HMM; JPG)
)
(/usr/share/texlive/texmf-dist/tex/latex/graphics/graphicx.sty
Package: graphicx 2021/09/16 v1.2d Enhanced LaTeX Graphics (DPC,SPQR)

(/usr/share/texlive/texmf-dist/tex/latex/graphics/graphics.sty
Package: graphics 2021/03/04 v1.4d Standard LaTeX Graphics (DPC,SPQR)

(/usr/share/texlive/texmf-dist/tex/latex/graphics/trig.sty
Package: trig 2021/08/11 v1.11 sin cos tan (DPC)
)
(/usr/share/texlive/texmf-dist/tex/latex/graphics-cfg/graphics.cfg
File: graphics.cfg 2016/06/04 v1.11 sample graphics configuration
)
Package graphics Info: Driver file: luatex.def on input line 107.

(/usr/share/texlive/texmf-dist/tex/latex/graphics-def/luatex.def
File: luatex.def 2021/06/01 v1.2c Graphics/color driver for luatex
))
\Gin@req@height=\dimen173
\Gin@req@width=\dimen174
)
(/usr/share/texlive/texmf-dist/tex/latex/xcolor/xcolor.sty
Package: xcolor 2021/10/31 v2.13 LaTeX color extensions (UK)

(/usr/share/texlive/texmf-dist/tex/latex/graphics-cfg/color.cfg
File: color.cfg 2016/01/02 v1.6 sample color configuration
)
Package xcolor Info: Driver file: luatex.def on input line 227.
Package xcolor Info: Model `cmy' substituted by `cmy0' on input line 1352.
Package xcolor Info: Model `hsb' substituted by `rgb' on input line 1356.
Package xcolor Info: Model `RGB' extended on input line 1368.
Package xcolor Info: Model `HTML' substituted by `rgb' on input line 1370.
Package xcolor Info: Model `Hsb' substituted by `hsb' on input line 1371.
Package xcolor Info: Model `tHsb' substituted by `hsb' on input line 1372.
Package xcolor Info: Model `HSB' substituted by `hsb' on input line 1373.
Package xcolor Info: Model `Gray' substituted by `gray' on input line 1374.
Package xcolor Info: Model `wave' substituted by `hsb' on input line 1375.
)
(/usr/share/texlive/texmf-dist/tex/latex/tools/longtable.sty
Package: longtable 2021-09-01 v4.17 Multi-page Table package (DPC)
\LTleft=\skip59
\LTright=\skip60
\LTpre=\skip61
\LTpost=\skip62
\LTchunksize=\count289
\LTcapwidth=\dimen175
\LT@head=\box69
\LT@firsthead=\box70
\LT@foot=\box71
\LT@lastfoot=\box72
\LT@gbox=\box73
\LT@cols=\count290
\LT@rows=\count291
\c@LT@tables=\count292
\c@LT@chunks=\count293
\LT@p@ftn=\toks27
)
(/usr/share/texlive/texmf-dist/tex/latex/booktabs/booktabs.sty
Package: booktabs 2020/01/12 v1.61803398 Publication quality tables
\heavyrulewidth=\dimen176
\lightrulewidth=\dimen177
\cmidrulewidth=\dimen178
\belowrulesep=\dimen179
\belowbottomsep=\dimen180
\aboverulesep=\dimen181
\abovetopsep=\dimen182
\cmidrulesep=\dimen183
\cmidrulekern=\dimen184
\defaultaddspace=\dimen185
\@cmidla=\count294
\@cmidlb=\count295
\@aboverulesep=\dimen186
\@belowrulesep=\dimen187
\@thisruleclass=\count296
\@lastruleclass=\count297
\@thisrulewidth=\dimen188
)
(/usr/share/texlive/texmf-dist/tex/latex/tools/array.sty
Package: array 2021/10/04 v2.5f Tabular extension package (FMi)
\col@sep=\dimen189
\ar@mcellbox=\box74
\extrarowheight=\dimen190
\NC@list=\toks28
\extratabsurround=\skip63
\backup@length=\skip64
\ar@cellbox=\box75
)
(/usr/share/texlive/texmf-dist/tex/latex/tools/tabularx.sty
Package: tabularx 2020/01/15 v2.11c `tabularx' package (DPC)
\TX@col@width=\dimen191
\TX@old@table=\dimen192
\TX@old@col=\dimen193
\TX@target=\dimen194
\TX@delta=\dimen195
\TX@cols=\count298
\TX@ftn=\toks29
)
(/usr/share/texlive/texmf-dist/tex/latex/multirow/multirow.sty
Package: multirow 2021/03/15 v2.8 Span multiple rows of a table
\multirow@colwidth=\skip65
\multirow@cntb=\count299
\multirow@dima=\skip66
\bigstrutjot=\dimen196
)
(/usr/share/texlive/texmf-dist/tex/latex/tools/multicol.sty
Package: multicol 2021/10/28 v1.9b multicolumn formatting (FMi)
\c@tracingmulticols=\count300
\mult@box=\box76
\multicol@leftmargin=\dimen197
\c@unbalance=\count301
\c@collectmore=\count302
\doublecol@number=\count303
\multicoltolerance=\count304
\multicolpretolerance=\count305
\full@width=\dimen198
\page@free=\dimen199
\premulticols=\dimen256
\postmulticols=\dimen257
\multicolsep=\skip67
\multicolbaselineskip=\skip68
\partial@page=\box77
\last@line=\box78
\maxbalancingoverflow=\dimen258
\mult@rightbox=\box79
\mult@grightbox=\box80
\mult@firstbox=\box81
\mult@gfirstbox=\box82
\@tempa=\box83
\@tempa=\box84
\@tempa=\box85
\@tempa=\box86
\@tempa=\box87
\@tempa=\box88
\@tempa=\box89
\@tempa=\box90
\@tempa=\box91
\@tempa=\box92
\@tempa=\box93
\@tempa=\box94
\@tempa=\box95
\@tempa=\box96
\@tempa=\box97
\@tempa=\box98
\@tempa=\box99
\@tempa=\box100
\@tempa=\box101
\@tempa=\box102
\@tempa=\box103
\@tempa=\box104
\@tempa=\box105
\@tempa=\box106
\@tempa=\box107
\@tempa=\box108
\@tempa=\box109
\@tempa=\box110
\@tempa=\box111
\@tempa=\box112
\@tempa=\box113
\@tempa=\box114
\@tempa=\box115
\@tempa=\box116
\@tempa=\box117
\@tempa=\box118
\c@minrows=\count306
\c@columnbadness=\count307
\c@finalcolumnbadness=\count308
\last@try=\dimen259
\multicolovershoot=\dimen260
\multicolundershoot=\dimen261
\mult@nat@firstbox=\box119
\colbreak@box=\box120
\mc@col@check@num=\count309
)
(/usr/share/texlive/texmf-dist/tex/latex/enumitem/enumitem.sty
Package: enumitem 2019/06/20 v3.9 Customized lists
\enitkv@toks@=\toks30
\labelindent=\skip69
\enit@outerparindent=\dimen262
\enit@toks=\toks31
\enit@inbox=\box121
\enit@count@id=\count310
\enitdp@description=\count311
)
(/usr/share/texlive/texmf-dist/tex/latex/amsmath/amsmath.sty
Package: amsmath 2021/10/15 v2.17l AMS math features
\@mathmargin=\skip70

For additional information on amsmath, use the `?' option.
(/usr/share/texlive/texmf-dist/tex/latex/amsmath/amstext.sty
Package: amstext 2021/08/26 v2.01 AMS text

(/usr/share/texlive/texmf-dist/tex/latex/amsmath/amsgen.sty
File: amsgen.sty 1999/11/30 v2.0 generic functions
\@emptytoks=\toks32
\ex@=\dimen263
))
(/usr/share/texlive/texmf-dist/tex/latex/amsmath/amsbsy.sty
Package: amsbsy 1999/11/29 v1.2d Bold Symbols
\pmbraise@=\dimen264
)
(/usr/share/texlive/texmf-dist/tex/latex/amsmath/amsopn.sty
Package: amsopn 2021/08/26 v2.02 operator names
)
\inf@bad=\count312
LaTeX Info: Redefining \frac on input line 236.
\uproot@=\count313
\leftroot@=\count314
LaTeX Info: Redefining \overline on input line 399.
\classnum@=\count315
\DOTSCASE@=\count316
LaTeX Info: Redefining \ldots on input line 496.
LaTeX Info: Redefining \dots on input line 499.
LaTeX Info: Redefining \cdots on input line 620.
\Mathstrutbox@=\box122
\strutbox@=\box123
\big@size=\dimen265
LaTeX Font Info:    Redeclaring font encoding OML on input line 743.
LaTeX Font Info:    Redeclaring font encoding OMS on input line 744.
\macc@depth=\count317
\c@MaxMatrixCols=\count318
\dotsspace@=\muskip16
\c@parentequation=\count319
\dspbrk@lvl=\count320
\tag@help=\toks33
\row@=\count321
\column@=\count322
\maxfields@=\count323
\andhelp@=\toks34
\eqnshift@=\dimen266
\alignsep@=\dimen267
\tagshift@=\dimen268
\tagwidth@=\dimen269
\totwidth@=\dimen270
\lineht@=\dimen271
\@envbody=\toks35
\multlinegap=\skip71
\multlinetaggap=\skip72
\mathdisplay@stack=\toks36
LaTeX Info: Redefining \[ on input line 2938.
LaTeX Info: Redefining \] on input line 2939.
)
(/usr/share/texlive/texmf-dist/tex/latex/amsfonts/amssymb.sty
Package: amssymb 2013/01/14 v3.01 AMS font symbols

(/usr/share/texlive/texmf-dist/tex/latex/amsfonts/amsfonts.sty
Package: amsfonts 2013/01/14 v3.01 Basic AMSFonts support
\symAMSa=\mathgroup5
\symAMSb=\mathgroup6
LaTeX Font Info:    Redeclaring math symbol \hbar on input line 98.
LaTeX Font Info:    Overwriting math alphabet `\mathfrak' in version `bold'
(Font)                  U/euf/m/n --> U/euf/b/n on input line 106.
))
(/usr/share/texlive/texmf-dist/tex/latex/tcolorbox/tcolorbox.sty
Package: tcolorbox 2022/01/07 version 5.0.2 text color boxes

(/usr/share/texlive/texmf-dist/tex/latex/pgf/basiclayer/pgf.sty
(/usr/share/texlive/texmf-dist/tex/latex/pgf/utilities/pgfrcs.sty
(/usr/share/texlive/texmf-dist/tex/generic/pgf/utilities/pgfutil-common.tex
\pgfutil@everybye=\toks37
\pgfutil@tempdima=\dimen272
\pgfutil@tempdimb=\dimen273

(/usr/share/texlive/texmf-dist/tex/generic/pgf/utilities/pgfutil-common-lists.t
ex)) (/usr/share/texlive/texmf-dist/tex/generic/pgf/utilities/pgfutil-latex.def
\pgfutil@abb=\box124
) (/usr/share/texlive/texmf-dist/tex/generic/pgf/utilities/pgfrcs.code.tex
(/usr/share/texlive/texmf-dist/tex/generic/pgf/pgf.revision.tex)
Package: pgfrcs 2021/05/15 v3.1.9a (3.1.9a)
))
Package: pgf 2021/05/15 v3.1.9a (3.1.9a)

(/usr/share/texlive/texmf-dist/tex/latex/pgf/basiclayer/pgfcore.sty
(/usr/share/texlive/texmf-dist/tex/latex/pgf/systemlayer/pgfsys.sty
(/usr/share/texlive/texmf-dist/tex/generic/pgf/systemlayer/pgfsys.code.tex
Package: pgfsys 2021/05/15 v3.1.9a (3.1.9a)

(/usr/share/texlive/texmf-dist/tex/generic/pgf/utilities/pgfkeys.code.tex
\pgfkeys@pathtoks=\toks38
\pgfkeys@temptoks=\toks39

(/usr/share/texlive/texmf-dist/tex/generic/pgf/utilities/pgfkeysfiltered.code.t
ex
\pgfkeys@tmptoks=\toks40
))
\pgf@x=\dimen274
\pgf@y=\dimen275
\pgf@xa=\dimen276
\pgf@ya=\dimen277
\pgf@xb=\dimen278
\pgf@yb=\dimen279
\pgf@xc=\dimen280
\pgf@yc=\dimen281
\pgf@xd=\dimen282
\pgf@yd=\dimen283
\w@pgf@writea=\write3
\r@pgf@reada=\read2
\c@pgf@counta=\count324
\c@pgf@countb=\count325
\c@pgf@countc=\count326
\c@pgf@countd=\count327
\t@pgf@toka=\toks41
\t@pgf@tokb=\toks42
\t@pgf@tokc=\toks43
\pgf@sys@id@count=\count328
 (/usr/share/texlive/texmf-dist/tex/generic/pgf/systemlayer/pgf.cfg
File: pgf.cfg 2021/05/15 v3.1.9a (3.1.9a)
)
Driver file for pgf: pgfsys-luatex.def

(/usr/share/texlive/texmf-dist/tex/generic/pgf/systemlayer/pgfsys-luatex.def
File: pgfsys-luatex.def 2021/05/15 v3.1.9a (3.1.9a)

(/usr/share/texlive/texmf-dist/tex/generic/pgf/systemlayer/pgfsys-common-pdf.de
f
File: pgfsys-common-pdf.def 2021/05/15 v3.1.9a (3.1.9a)
)))
(/usr/share/texlive/texmf-dist/tex/generic/pgf/systemlayer/pgfsyssoftpath.code.
tex
File: pgfsyssoftpath.code.tex 2021/05/15 v3.1.9a (3.1.9a)
\pgfsyssoftpath@smallbuffer@items=\count329
\pgfsyssoftpath@bigbuffer@items=\count330
)
(/usr/share/texlive/texmf-dist/tex/generic/pgf/systemlayer/pgfsysprotocol.code.
tex
File: pgfsysprotocol.code.tex 2021/05/15 v3.1.9a (3.1.9a)
))
(/usr/share/texlive/texmf-dist/tex/generic/pgf/basiclayer/pgfcore.code.tex
Package: pgfcore 2021/05/15 v3.1.9a (3.1.9a)

(/usr/share/texlive/texmf-dist/tex/generic/pgf/math/pgfmath.code.tex
(/usr/share/texlive/texmf-dist/tex/generic/pgf/math/pgfmathcalc.code.tex
(/usr/share/texlive/texmf-dist/tex/generic/pgf/math/pgfmathutil.code.tex)
(/usr/share/texlive/texmf-dist/tex/generic/pgf/math/pgfmathparser.code.tex
\pgfmath@dimen=\dimen284
\pgfmath@count=\count331
\pgfmath@box=\box125
\pgfmath@toks=\toks44
\pgfmath@stack@operand=\toks45
\pgfmath@stack@operation=\toks46
)
(/usr/share/texlive/texmf-dist/tex/generic/pgf/math/pgfmathfunctions.code.tex
(/usr/share/texlive/texmf-dist/tex/generic/pgf/math/pgfmathfunctions.basic.code
.tex)
(/usr/share/texlive/texmf-dist/tex/generic/pgf/math/pgfmathfunctions.trigonomet
ric.code.tex)
(/usr/share/texlive/texmf-dist/tex/generic/pgf/math/pgfmathfunctions.random.cod
e.tex)
(/usr/share/texlive/texmf-dist/tex/generic/pgf/math/pgfmathfunctions.comparison
.code.tex)
(/usr/share/texlive/texmf-dist/tex/generic/pgf/math/pgfmathfunctions.base.code.
tex)
(/usr/share/texlive/texmf-dist/tex/generic/pgf/math/pgfmathfunctions.round.code
.tex)
(/usr/share/texlive/texmf-dist/tex/generic/pgf/math/pgfmathfunctions.misc.code.
tex)
(/usr/share/texlive/texmf-dist/tex/generic/pgf/math/pgfmathfunctions.integerari
thmetics.code.tex)))
(/usr/share/texlive/texmf-dist/tex/generic/pgf/math/pgfmathfloat.code.tex
\c@pgfmathroundto@lastzeros=\count332
))
(/usr/share/texlive/texmf-dist/tex/generic/pgf/math/pgfint.code.tex)
(/usr/share/texlive/texmf-dist/tex/generic/pgf/basiclayer/pgfcorepoints.code.te
x
File: pgfcorepoints.code.tex 2021/05/15 v3.1.9a (3.1.9a)
\pgf@picminx=\dimen285
\pgf@picmaxx=\dimen286
\pgf@picminy=\dimen287
\pgf@picmaxy=\dimen288
\pgf@pathminx=\dimen289
\pgf@pathmaxx=\dimen290
\pgf@pathminy=\dimen291
\pgf@pathmaxy=\dimen292
\pgf@xx=\dimen293
\pgf@xy=\dimen294
\pgf@yx=\dimen295
\pgf@yy=\dimen296
\pgf@zx=\dimen297
\pgf@zy=\dimen298
)
(/usr/share/texlive/texmf-dist/tex/generic/pgf/basiclayer/pgfcorepathconstruct.
code.tex
File: pgfcorepathconstruct.code.tex 2021/05/15 v3.1.9a (3.1.9a)
\pgf@path@lastx=\dimen299
\pgf@path@lasty=\dimen300
)
(/usr/share/texlive/texmf-dist/tex/generic/pgf/basiclayer/pgfcorepathusage.code
.tex
File: pgfcorepathusage.code.tex 2021/05/15 v3.1.9a (3.1.9a)
\pgf@shorten@end@additional=\dimen301
\pgf@shorten@start@additional=\dimen302
)
(/usr/share/texlive/texmf-dist/tex/generic/pgf/basiclayer/pgfcorescopes.code.te
x
File: pgfcorescopes.code.tex 2021/05/15 v3.1.9a (3.1.9a)
\pgfpic=\box126
\pgf@hbox=\box127
\pgf@layerbox@main=\box128
\pgf@picture@serial@count=\count333
)
(/usr/share/texlive/texmf-dist/tex/generic/pgf/basiclayer/pgfcoregraphicstate.c
ode.tex
File: pgfcoregraphicstate.code.tex 2021/05/15 v3.1.9a (3.1.9a)
\pgflinewidth=\dimen303
)
(/usr/share/texlive/texmf-dist/tex/generic/pgf/basiclayer/pgfcoretransformation
s.code.tex
File: pgfcoretransformations.code.tex 2021/05/15 v3.1.9a (3.1.9a)
\pgf@pt@x=\dimen304
\pgf@pt@y=\dimen305
\pgf@pt@temp=\dimen306
)
(/usr/share/texlive/texmf-dist/tex/generic/pgf/basiclayer/pgfcorequick.code.tex
File: pgfcorequick.code.tex 2021/05/15 v3.1.9a (3.1.9a)
)
(/usr/share/texlive/texmf-dist/tex/generic/pgf/basiclayer/pgfcoreobjects.code.t
ex
File: pgfcoreobjects.code.tex 2021/05/15 v3.1.9a (3.1.9a)
)
(/usr/share/texlive/texmf-dist/tex/generic/pgf/basiclayer/pgfcorepathprocessing
.code.tex
File: pgfcorepathprocessing.code.tex 2021/05/15 v3.1.9a (3.1.9a)
)
(/usr/share/texlive/texmf-dist/tex/generic/pgf/basiclayer/pgfcorearrows.code.te
x
File: pgfcorearrows.code.tex 2021/05/15 v3.1.9a (3.1.9a)
\pgfarrowsep=\dimen307
)
(/usr/share/texlive/texmf-dist/tex/generic/pgf/basiclayer/pgfcoreshade.code.tex
File: pgfcoreshade.code.tex 2021/05/15 v3.1.9a (3.1.9a)
\pgf@max=\dimen308
\pgf@sys@shading@range@num=\count334
\pgf@shadingcount=\count335
)
(/usr/share/texlive/texmf-dist/tex/generic/pgf/basiclayer/pgfcoreimage.code.tex
File: pgfcoreimage.code.tex 2021/05/15 v3.1.9a (3.1.9a)

(/usr/share/texlive/texmf-dist/tex/generic/pgf/basiclayer/pgfcoreexternal.code.
tex
File: pgfcoreexternal.code.tex 2021/05/15 v3.1.9a (3.1.9a)
\pgfexternal@startupbox=\box129
))
(/usr/share/texlive/texmf-dist/tex/generic/pgf/basiclayer/pgfcorelayers.code.te
x
File: pgfcorelayers.code.tex 2021/05/15 v3.1.9a (3.1.9a)
)
(/usr/share/texlive/texmf-dist/tex/generic/pgf/basiclayer/pgfcoretransparency.c
ode.tex
File: pgfcoretransparency.code.tex 2021/05/15 v3.1.9a (3.1.9a)
)
(/usr/share/texlive/texmf-dist/tex/generic/pgf/basiclayer/pgfcorepatterns.code.
tex
File: pgfcorepatterns.code.tex 2021/05/15 v3.1.9a (3.1.9a)
)
(/usr/share/texlive/texmf-dist/tex/generic/pgf/basiclayer/pgfcorerdf.code.tex
File: pgfcorerdf.code.tex 2021/05/15 v3.1.9a (3.1.9a)
)))
(/usr/share/texlive/texmf-dist/tex/generic/pgf/modules/pgfmoduleshapes.code.tex
File: pgfmoduleshapes.code.tex 2021/05/15 v3.1.9a (3.1.9a)
\pgfnodeparttextbox=\box130
) (/usr/share/texlive/texmf-dist/tex/generic/pgf/modules/pgfmoduleplot.code.tex
File: pgfmoduleplot.code.tex 2021/05/15 v3.1.9a (3.1.9a)
)
(/usr/share/texlive/texmf-dist/tex/latex/pgf/compatibility/pgfcomp-version-0-65
.sty
Package: pgfcomp-version-0-65 2021/05/15 v3.1.9a (3.1.9a)
\pgf@nodesepstart=\dimen309
\pgf@nodesepend=\dimen310
)
(/usr/share/texlive/texmf-dist/tex/latex/pgf/compatibility/pgfcomp-version-1-18
.sty
Package: pgfcomp-version-1-18 2021/05/15 v3.1.9a (3.1.9a)
)) (/usr/share/texlive/texmf-dist/tex/latex/tools/verbatim.sty
Package: verbatim 2020-07-07 v1.5u LaTeX2e package for verbatim enhancements
\every@verbatim=\toks47
\verbatim@line=\toks48
\verbatim@in@stream=\read3
)
(/usr/share/texlive/texmf-dist/tex/latex/environ/environ.sty
Package: environ 2014/05/04 v0.3 A new way to define environments

(/usr/share/texlive/texmf-dist/tex/latex/trimspaces/trimspaces.sty
Package: trimspaces 2009/09/17 v1.1 Trim spaces around a token list
))
\tcb@titlebox=\box131
\tcb@upperbox=\box132
\tcb@lowerbox=\box133
\tcb@phantombox=\box134
\c@tcbbreakpart=\count336
\c@tcblayer=\count337
\c@tcolorbox@number=\count338
\tcb@temp=\box135
\tcb@temp=\box136
\tcb@temp=\box137
\tcb@temp=\box138

(/usr/share/texlive/texmf-dist/tex/latex/tcolorbox/tcbraster.code.tex
Library (tcolorbox): 'tcbraster.code.tex' version '5.0.2'
\c@tcbrastercolumn=\count339
\c@tcbrasterrow=\count340
\c@tcbrasternum=\count341
\c@tcbraster=\count342
) (/usr/share/texlive/texmf-dist/tex/latex/tcolorbox/tcbskins.code.tex
Library (tcolorbox): 'tcbskins.code.tex' version '5.0.2'
(/usr/share/texlive/texmf-dist/tex/latex/pgf/frontendlayer/tikz.sty
(/usr/share/texlive/texmf-dist/tex/latex/pgf/utilities/pgffor.sty
(/usr/share/texlive/texmf-dist/tex/latex/pgf/utilities/pgfkeys.sty
(/usr/share/texlive/texmf-dist/tex/generic/pgf/utilities/pgfkeys.code.tex))
(/usr/share/texlive/texmf-dist/tex/latex/pgf/math/pgfmath.sty
(/usr/share/texlive/texmf-dist/tex/generic/pgf/math/pgfmath.code.tex))
(/usr/share/texlive/texmf-dist/tex/generic/pgf/utilities/pgffor.code.tex
Package: pgffor 2021/05/15 v3.1.9a (3.1.9a)

(/usr/share/texlive/texmf-dist/tex/generic/pgf/math/pgfmath.code.tex)
\pgffor@iter=\dimen311
\pgffor@skip=\dimen312
\pgffor@stack=\toks49
\pgffor@toks=\toks50
))
(/usr/share/texlive/texmf-dist/tex/generic/pgf/frontendlayer/tikz/tikz.code.tex
Package: tikz 2021/05/15 v3.1.9a (3.1.9a)

(/usr/share/texlive/texmf-dist/tex/generic/pgf/libraries/pgflibraryplothandlers
.code.tex
File: pgflibraryplothandlers.code.tex 2021/05/15 v3.1.9a (3.1.9a)
\pgf@plot@mark@count=\count343
\pgfplotmarksize=\dimen313
)
\tikz@lastx=\dimen314
\tikz@lasty=\dimen315
\tikz@lastxsaved=\dimen316
\tikz@lastysaved=\dimen317
\tikz@lastmovetox=\dimen318
\tikz@lastmovetoy=\dimen319
\tikzleveldistance=\dimen320
\tikzsiblingdistance=\dimen321
\tikz@figbox=\box139
\tikz@figbox@bg=\box140
\tikz@tempbox=\box141
\tikz@tempbox@bg=\box142
\tikztreelevel=\count344
\tikznumberofchildren=\count345
\tikznumberofcurrentchild=\count346
\tikz@fig@count=\count347

(/usr/share/texlive/texmf-dist/tex/generic/pgf/modules/pgfmodulematrix.code.tex
File: pgfmodulematrix.code.tex 2021/05/15 v3.1.9a (3.1.9a)
\pgfmatrixcurrentrow=\count348
\pgfmatrixcurrentcolumn=\count349
\pgf@matrix@numberofcolumns=\count350
)
\tikz@expandcount=\count351

(/usr/share/texlive/texmf-dist/tex/generic/pgf/frontendlayer/tikz/libraries/tik
zlibrarytopaths.code.tex
File: tikzlibrarytopaths.code.tex 2021/05/15 v3.1.9a (3.1.9a)
)))
\tcb@waterbox=\box143

(/usr/share/texlive/texmf-dist/tex/latex/tcolorbox/tcbskinsjigsaw.code.tex
Library (tcolorbox): 'tcbskinsjigsaw.code.tex' version '5.0.2'
)) (/usr/share/texlive/texmf-dist/tex/latex/tcolorbox/tcbbreakable.code.tex
Library (tcolorbox): 'tcbbreakable.code.tex' version '5.0.2'
(/usr/share/texlive/texmf-dist/tex/generic/oberdiek/pdfcol.sty
Package: pdfcol 2019/12/29 v1.6 Handle new color stacks for pdfTeX (HO)
)
Package pdfcol Info: New color stack `tcb@breakable' = 1 on input line 23.
\tcb@testbox=\box144
\tcb@totalupperbox=\box145
\tcb@totallowerbox=\box146
)
(/usr/share/texlive/texmf-dist/tex/latex/tcolorbox/tcbhooks.code.tex
Library (tcolorbox): 'tcbhooks.code.tex' version '5.0.2'
) (/usr/share/texlive/texmf-dist/tex/latex/tcolorbox/tcbtheorems.code.tex
Library (tcolorbox): 'tcbtheorems.code.tex' version '5.0.2'
) (/usr/share/texlive/texmf-dist/tex/latex/tcolorbox/tcbfitting.code.tex
Library (tcolorbox): 'tcbfitting.code.tex' version '5.0.2'
\tcbfitdim=\dimen322
\tcb@lowerfitdim=\dimen323
\tcb@upperfitdim=\dimen324
\tcb@cur@hbadness=\count352
) (/usr/share/texlive/texmf-dist/tex/latex/tcolorbox/tcbxparse.code.tex
Library (tcolorbox): 'tcbxparse.code.tex' version '5.0.2'
) (/usr/share/texlive/texmf-dist/tex/latex/tcolorbox/tcblistingsutf8.code.tex
Library (tcolorbox): 'tcblistingsutf8.code.tex' version '5.0.2'
(/usr/share/texlive/texmf-dist/tex/latex/tcolorbox/tcblistings.code.tex
Library (tcolorbox): 'tcblistings.code.tex' version '5.0.2'
(/usr/share/texlive/texmf-dist/tex/latex/listings/listings.sty
\lst@mode=\count353
\lst@gtempboxa=\box147
\lst@token=\toks51
\lst@length=\count354
\lst@currlwidth=\dimen325
\lst@column=\count355
\lst@pos=\count356
\lst@lostspace=\dimen326
\lst@width=\dimen327
\lst@newlines=\count357
\lst@lineno=\count358
\lst@maxwidth=\dimen328

(/usr/share/texlive/texmf-dist/tex/latex/listings/lstmisc.sty
File: lstmisc.sty 2020/03/24 1.8d (Carsten Heinz)
\c@lstnumber=\count359
\lst@skipnumbers=\count360
\lst@framebox=\box148
)
(/usr/share/texlive/texmf-dist/tex/latex/listings/listings.cfg
File: listings.cfg 2020/03/24 1.8d listings configuration
))
Package: listings 2020/03/24 1.8d (Carsten Heinz)

(/usr/share/texlive/texmf-dist/tex/luatex/luatexja/patches/lltjp-listings.sty
(/usr/share/texlive/texmf-dist/tex/luatex/luatexbase/luatexbase-cctb.sty
Package: luatexbase-cctb 2015/10/04 v1.3 luatexbase interface to LuaTeX (legacy
 subpackage) 
)
\CatcodeTableLTJlistings=\catcodetable15
\ltj@lst@frame@lslimit=\dimen329

(/usr/share/texlive/texmf-dist/tex/latex/listings/lstmisc.sty
File: lstmisc.sty 2020/03/24 1.8d (Carsten Heinz)
\lst@WFtoken=\toks52
\lst@WF=\write4
))
(/usr/share/texlive/texmf-dist/tex/latex/tcolorbox/tcblistingscore.code.tex
Library (tcolorbox): 'tcblistingscore.code.tex' version '5.0.2'
(/usr/share/texlive/texmf-dist/tex/latex/tcolorbox/tcbprocessing.code.tex
Library (tcolorbox): 'tcbprocessing.code.tex' version '5.0.2'
(/usr/share/texlive/texmf-dist/tex/latex/tools/shellesc.sty
Package: shellesc 2019/11/08 v1.0c unified shell escape interface for LaTeX
Package shellesc Info: Restricted shell escape enabled on input line 77.
))
\c@tcblisting=\count361
))
Package tcolorbox Info: Library `listingsutf8' is compatible with pdftex only. 
Library `listings` is loaded instead. on input line 29.
)
(/usr/share/texlive/texmf-dist/tex/latex/tcolorbox/tcbexternal.code.tex
Library (tcolorbox): 'tcbexternal.code.tex' version '5.0.2'
) (/usr/share/texlive/texmf-dist/tex/latex/tcolorbox/tcbmagazine.code.tex
Library (tcolorbox): 'tcbmagazine.code.tex' version '5.0.2'
) (/usr/share/texlive/texmf-dist/tex/latex/tcolorbox/tcbvignette.code.tex
Library (tcolorbox): 'tcbvignette.code.tex' version '5.0.2'

(/usr/share/texlive/texmf-dist/tex/generic/pgf/frontendlayer/tikz/libraries/tik
zlibraryfadings.code.tex
File: tikzlibraryfadings.code.tex 2021/05/15 v3.1.9a (3.1.9a)

(/usr/share/texlive/texmf-dist/tex/generic/pgf/libraries/pgflibraryfadings.code
.tex
File: pgflibraryfadings.code.tex 2021/05/15 v3.1.9a (3.1.9a)
))) (/usr/share/texlive/texmf-dist/tex/latex/tcolorbox/tcbposter.code.tex
Library (tcolorbox): 'tcbposter.code.tex' version '5.0.2'
))
(/usr/share/texlive/texmf-dist/tex/generic/pgf/libraries/pgflibraryarrows.meta.
code.tex
File: pgflibraryarrows.meta.code.tex 2021/05/15 v3.1.9a (3.1.9a)
\pgfarrowinset=\dimen330
\pgfarrowlength=\dimen331
\pgfarrowwidth=\dimen332
\pgfarrowlinewidth=\dimen333
)
(/usr/share/texlive/texmf-dist/tex/generic/pgf/frontendlayer/tikz/libraries/tik
zlibrarypositioning.code.tex
File: tikzlibrarypositioning.code.tex 2021/05/15 v3.1.9a (3.1.9a)
)
(/usr/share/texlive/texmf-dist/tex/generic/pgf/frontendlayer/tikz/libraries/tik
zlibraryfit.code.tex
File: tikzlibraryfit.code.tex 2021/05/15 v3.1.9a (3.1.9a)
)
(/usr/share/texlive/texmf-dist/tex/generic/pgf/frontendlayer/tikz/libraries/tik
zlibraryshapes.geometric.code.tex
File: tikzlibraryshapes.geometric.code.tex 2021/05/15 v3.1.9a (3.1.9a)

(/usr/share/texlive/texmf-dist/tex/generic/pgf/libraries/shapes/pgflibraryshape
s.geometric.code.tex
File: pgflibraryshapes.geometric.code.tex 2021/05/15 v3.1.9a (3.1.9a)
))
(/usr/share/texlive/texmf-dist/tex/generic/pgf/frontendlayer/tikz/libraries/tik
zlibrarycalc.code.tex
File: tikzlibrarycalc.code.tex 2021/05/15 v3.1.9a (3.1.9a)
)
(/usr/share/texlive/texmf-dist/tex/latex/titlesec/titlesec.sty
Package: titlesec 2021/07/05 v2.14 Sectioning titles
\ttl@box=\box149
\beforetitleunit=\skip73
\aftertitleunit=\skip74
\ttl@plus=\dimen334
\ttl@minus=\dimen335
\ttl@toksa=\toks53
\titlewidth=\dimen336
\titlewidthlast=\dimen337
\titlewidthfirst=\dimen338
)
(/usr/share/texlive/texmf-dist/tex/latex/hyperref/hyperref.sty
Package: hyperref 2021-06-07 v7.00m Hypertext links for LaTeX

(/usr/share/texlive/texmf-dist/tex/generic/kvsetkeys/kvsetkeys.sty
Package: kvsetkeys 2019/12/15 v1.18 Key value parser (HO)
)
(/usr/share/texlive/texmf-dist/tex/generic/kvdefinekeys/kvdefinekeys.sty
Package: kvdefinekeys 2019-12-19 v1.6 Define keys (HO)
)
(/usr/share/texlive/texmf-dist/tex/generic/pdfescape/pdfescape.sty
Package: pdfescape 2019/12/09 v1.15 Implements pdfTeX's escape features (HO)
)
(/usr/share/texlive/texmf-dist/tex/latex/hycolor/hycolor.sty
Package: hycolor 2020-01-27 v1.10 Color options for hyperref/bookmark (HO)
)
(/usr/share/texlive/texmf-dist/tex/latex/letltxmacro/letltxmacro.sty
Package: letltxmacro 2019/12/03 v1.6 Let assignment for LaTeX macros (HO)
)
(/usr/share/texlive/texmf-dist/tex/latex/auxhook/auxhook.sty
Package: auxhook 2019-12-17 v1.6 Hooks for auxiliary files (HO)
)
(/usr/share/texlive/texmf-dist/tex/latex/kvoptions/kvoptions.sty
Package: kvoptions 2020-10-07 v3.14 Key value format for package options (HO)
)
\@linkdim=\dimen339
\Hy@linkcounter=\count362
\Hy@pagecounter=\count363

(/usr/share/texlive/texmf-dist/tex/latex/hyperref/pd1enc.def
File: pd1enc.def 2021-06-07 v7.00m Hyperref: PDFDocEncoding definition (HO)
)
(/usr/share/texlive/texmf-dist/tex/latex/hyperref/hyperref-langpatches.def
File: hyperref-langpatches.def 2021-06-07 v7.00m Hyperref: patches for babel la
nguages
)
(/usr/share/texlive/texmf-dist/tex/generic/intcalc/intcalc.sty
Package: intcalc 2019/12/15 v1.3 Expandable calculations with integers (HO)
)
(/usr/share/texlive/texmf-dist/tex/generic/etexcmds/etexcmds.sty
Package: etexcmds 2019/12/15 v1.7 Avoid name clashes with e-TeX commands (HO)
)
\Hy@SavedSpaceFactor=\count364

(/usr/share/texlive/texmf-dist/tex/latex/hyperref/puenc.def
File: puenc.def 2021-06-07 v7.00m Hyperref: PDF Unicode definition (HO)
)
Package hyperref Info: Hyper figures OFF on input line 4192.
Package hyperref Info: Link nesting OFF on input line 4197.
Package hyperref Info: Hyper index ON on input line 4200.
Package hyperref Info: Plain pages OFF on input line 4207.
Package hyperref Info: Backreferencing OFF on input line 4212.
Package hyperref Info: Implicit mode ON; LaTeX internals redefined.
Package hyperref Info: Bookmarks ON on input line 4445.
\c@Hy@tempcnt=\count365

(/usr/share/texlive/texmf-dist/tex/latex/url/url.sty
\Urlmuskip=\muskip17
Package: url 2013/09/16  ver 3.4  Verb mode for urls, etc.
)
LaTeX Info: Redefining \url on input line 4804.
\XeTeXLinkMargin=\dimen340

(/usr/share/texlive/texmf-dist/tex/generic/bitset/bitset.sty
Package: bitset 2019/12/09 v1.3 Handle bit-vector datatype (HO)

(/usr/share/texlive/texmf-dist/tex/generic/bigintcalc/bigintcalc.sty
Package: bigintcalc 2019/12/15 v1.5 Expandable calculations on big integers (HO
)
))
\Fld@menulength=\count366
\Field@Width=\dimen341
\Fld@charsize=\dimen342
Package hyperref Info: Hyper figures OFF on input line 6076.
Package hyperref Info: Link nesting OFF on input line 6081.
Package hyperref Info: Hyper index ON on input line 6084.
Package hyperref Info: backreferencing OFF on input line 6091.
Package hyperref Info: Link coloring OFF on input line 6096.
Package hyperref Info: Link coloring with OCG OFF on input line 6101.
Package hyperref Info: PDF/A mode OFF on input line 6106.
LaTeX Info: Redefining \ref on input line 6146.
LaTeX Info: Redefining \pageref on input line 6150.

(/usr/share/texlive/texmf-dist/tex/latex/base/atbegshi-ltx.sty
Package: atbegshi-ltx 2021/01/10 v1.0c Emulation of the original atbegshi
package with kernel methods
)
\Hy@abspage=\count367
\c@Item=\count368
\c@Hfootnote=\count369
)
Package hyperref Info: Driver (autodetected): hluatex.

(/usr/share/texlive/texmf-dist/tex/latex/hyperref/hluatex.def
File: hluatex.def 2021-06-07 v7.00m Hyperref driver for luaTeX

(/usr/share/texlive/texmf-dist/tex/generic/stringenc/stringenc.sty
Package: stringenc 2019/11/29 v1.12 Convert strings between diff. encodings (HO
)
)
(/usr/share/texlive/texmf-dist/tex/latex/base/atveryend-ltx.sty
Package: atveryend-ltx 2020/08/19 v1.0a Emulation of the original atveryend pac
kage
with kernel methods
)
\Fld@listcount=\count370
\c@bookmark@seq@number=\count371

(/usr/share/texlive/texmf-dist/tex/latex/rerunfilecheck/rerunfilecheck.sty
Package: rerunfilecheck 2019/12/05 v1.9 Rerun checks for auxiliary files (HO)

(/usr/share/texlive/texmf-dist/tex/generic/uniquecounter/uniquecounter.sty
Package: uniquecounter 2019/12/15 v1.4 Provide unlimited unique counter (HO)
)
Package uniquecounter Info: New unique counter `rerunfilecheck' on input line 2
86.
)
\Hy@SectionHShift=\skip75
)
Package hyperref Info: Option `unicode' set `true' on input line 26.
\c@definition=\count372

(/usr/share/texlive/texmf-dist/tex/luatex/luatexja/patches/lltjp-array.sty
Package: lltjp-array 2019-07-18 Patch to array for LuaTeX-ja
)
(./swebok_v4_ch01_06_ja_integrated.aux)
\openout1 = swebok_v4_ch01_06_ja_integrated.aux

LaTeX Font Info:    Checking defaults for OML/cmm/m/it on input line 97.
LaTeX Font Info:    ... okay on input line 97.
LaTeX Font Info:    Checking defaults for OMS/cmsy/m/n on input line 97.
LaTeX Font Info:    ... okay on input line 97.
LaTeX Font Info:    Checking defaults for OT1/cmr/m/n on input line 97.
LaTeX Font Info:    ... okay on input line 97.
LaTeX Font Info:    Checking defaults for T1/cmr/m/n on input line 97.
LaTeX Font Info:    ... okay on input line 97.
LaTeX Font Info:    Checking defaults for TS1/cmr/m/n on input line 97.
LaTeX Font Info:    Trying loading font information for TS1+cmr on input line 9
7.

(/usr/share/texlive/texmf-dist/tex/latex/base/ts1cmr.fd
File: ts1cmr.fd 2019/12/16 v2.5j Standard LaTeX font definitions
)
LaTeX Font Info:    ... okay on input line 97.
LaTeX Font Info:    Checking defaults for TU/lmr/m/n on input line 97.
LaTeX Font Info:    ... okay on input line 97.
LaTeX Font Info:    Checking defaults for OMX/cmex/m/n on input line 97.
LaTeX Font Info:    ... okay on input line 97.
LaTeX Font Info:    Checking defaults for U/cmr/m/n on input line 97.
LaTeX Font Info:    ... okay on input line 97.
LaTeX Font Info:    Checking defaults for JY3/mc/m/n on input line 97.
LaTeX Font Info:    ... okay on input line 97.
LaTeX Font Info:    Checking defaults for JT3/mc/m/n on input line 97.
LaTeX Font Info:    ... okay on input line 97.
LaTeX Font Info:    Checking defaults for PD1/pdf/m/n on input line 97.
LaTeX Font Info:    ... okay on input line 97.
LaTeX Font Info:    Checking defaults for PU/pdf/m/n on input line 97.
LaTeX Font Info:    ... okay on input line 97.

Package fontspec Info: Adjusting the maths setup (use [no-math] to avoid
(fontspec)             this).

\symlegacymaths=\mathgroup7
LaTeX Font Info:    Overwriting symbol font `legacymaths' in version `bold'
(Font)                  OT1/cmr/m/n --> OT1/cmr/bx/n on input line 97.
LaTeX Font Info:    Redeclaring math accent \acute on input line 97.
LaTeX Font Info:    Redeclaring math accent \grave on input line 97.
LaTeX Font Info:    Redeclaring math accent \ddot on input line 97.
LaTeX Font Info:    Redeclaring math accent \tilde on input line 97.
LaTeX Font Info:    Redeclaring math accent \bar on input line 97.
LaTeX Font Info:    Redeclaring math accent \breve on input line 97.
LaTeX Font Info:    Redeclaring math accent \check on input line 97.
LaTeX Font Info:    Redeclaring math accent \hat on input line 97.
LaTeX Font Info:    Redeclaring math accent \dot on input line 97.
LaTeX Font Info:    Redeclaring math accent \mathring on input line 97.
LaTeX Font Info:    Redeclaring math symbol \Gamma on input line 97.
LaTeX Font Info:    Redeclaring math symbol \Delta on input line 97.
LaTeX Font Info:    Redeclaring math symbol \Theta on input line 97.
LaTeX Font Info:    Redeclaring math symbol \Lambda on input line 97.
LaTeX Font Info:    Redeclaring math symbol \Xi on input line 97.
LaTeX Font Info:    Redeclaring math symbol \Pi on input line 97.
LaTeX Font Info:    Redeclaring math symbol \Sigma on input line 97.
LaTeX Font Info:    Redeclaring math symbol \Upsilon on input line 97.
LaTeX Font Info:    Redeclaring math symbol \Phi on input line 97.
LaTeX Font Info:    Redeclaring math symbol \Psi on input line 97.
LaTeX Font Info:    Redeclaring math symbol \Omega on input line 97.
LaTeX Font Info:    Redeclaring math symbol \mathdollar on input line 97.
LaTeX Font Info:    Redeclaring symbol font `operators' on input line 97.
LaTeX Font Info:    Encoding `OT1' has changed to `TU' for symbol font
(Font)              `operators' in the math version `normal' on input line 97.
LaTeX Font Info:    Overwriting symbol font `operators' in version `normal'
(Font)                  OT1/cmr/m/n --> TU/lmr/m/n on input line 97.
LaTeX Font Info:    Encoding `OT1' has changed to `TU' for symbol font
(Font)              `operators' in the math version `bold' on input line 97.
LaTeX Font Info:    Overwriting symbol font `operators' in version `bold'
(Font)                  OT1/cmr/bx/n --> TU/lmr/m/n on input line 97.
LaTeX Font Info:    Overwriting symbol font `operators' in version `normal'
(Font)                  TU/lmr/m/n --> TU/lmr/m/n on input line 97.
LaTeX Font Info:    Overwriting math alphabet `\mathit' in version `normal'
(Font)                  OT1/cmr/m/it --> TU/lmr/m/it on input line 97.
LaTeX Font Info:    Overwriting math alphabet `\mathbf' in version `normal'
(Font)                  OT1/cmr/bx/n --> TU/lmr/b/n on input line 97.
LaTeX Font Info:    Overwriting math alphabet `\mathsf' in version `normal'
(Font)                  OT1/cmss/m/n --> TU/lmss/m/n on input line 97.
LaTeX Font Info:    Overwriting math alphabet `\mathtt' in version `normal'
(Font)                  OT1/cmtt/m/n --> TU/lmtt/m/n on input line 97.
LaTeX Font Info:    Overwriting symbol font `operators' in version `bold'
(Font)                  TU/lmr/m/n --> TU/lmr/b/n on input line 97.
LaTeX Font Info:    Overwriting math alphabet `\mathit' in version `bold'
(Font)                  OT1/cmr/bx/it --> TU/lmr/b/it on input line 97.
LaTeX Font Info:    Overwriting math alphabet `\mathsf' in version `bold'
(Font)                  OT1/cmss/bx/n --> TU/lmss/b/n on input line 97.
LaTeX Font Info:    Overwriting math alphabet `\mathtt' in version `bold'
(Font)                  OT1/cmtt/m/n --> TU/lmtt/b/n on input line 97.

*geometry* driver: auto-detecting
*geometry* detected driver: luatex
*geometry* verbose mode - [ preamble ] result:
* driver: luatex
* paper: a4paper
* layout: <same size as paper>
* layoutoffset:(h,v)=(0.0pt,0.0pt)
* modes: 
* h-part:(L,W,R)=(68.2866pt, 460.93466pt, 68.2866pt)
* v-part:(T,H,B)=(68.2866pt, 708.47363pt, 68.2866pt)
* \paperwidth=597.50787pt
* \paperheight=845.04684pt
* \textwidth=460.93466pt
* \textheight=708.47363pt
* \oddsidemargin=-3.98338pt
* \evensidemargin=-3.98338pt
* \topmargin=-34.4679pt
* \headheight=16.0pt
* \headsep=14.48451pt
* \topskip=13.9734pt
* \footskip=28.45792pt
* \marginparwidth=20.25125pt
* \marginparsep=20.25125pt
* \columnsep=20.25125pt
* \skip\footins=17.52002pt plus 5.475pt minus 2.19pt
* \hoffset=0.0pt
* \voffset=0.0pt
* \mag=1000
* \@twocolumnfalse
* \@twosidefalse
* \@mparswitchfalse
* \@reversemarginfalse
* (1in=72.27pt=25.4mm, 1cm=28.453pt)

Package lastpage Info: Please have a look at the pageslts package at
(lastpage)             https://www.ctan.org/pkg/pageslts
(lastpage)             ! on input line 97.
(/usr/share/texlive/texmf-dist/tex/context/base/mkii/supp-pdf.mkii
[Loading MPS to PDF converter (version 2006.09.02).]
\scratchcounter=\count373
\scratchdimen=\dimen343
\scratchbox=\box150
\nofMPsegments=\count374
\nofMParguments=\count375
\everyMPshowfont=\toks54
\MPscratchCnt=\count376
\MPscratchDim=\dimen344
\MPnumerator=\count377
\makeMPintoPDFobject=\count378
\everyMPtoPDFconversion=\toks55
) (/usr/share/texlive/texmf-dist/tex/latex/epstopdf-pkg/epstopdf-base.sty
Package: epstopdf-base 2020-01-24 v2.11 Base part for package epstopdf
Package epstopdf-base Info: Redefining graphics rule for `.eps' on input line 4
85.

(/usr/share/texlive/texmf-dist/tex/latex/latexconfig/epstopdf-sys.cfg
File: epstopdf-sys.cfg 2010/07/13 v1.3 Configuration of (r)epstopdf for TeX Liv
e
))
\c@lstlisting=\count379
Package hyperref Info: Link coloring OFF on input line 97.

(/usr/share/texlive/texmf-dist/tex/latex/hyperref/nameref.sty
Package: nameref 2021-04-02 v2.47 Cross-referencing by name of section

(/usr/share/texlive/texmf-dist/tex/latex/refcount/refcount.sty
Package: refcount 2019/12/15 v3.6 Data extraction from label references (HO)
)
(/usr/share/texlive/texmf-dist/tex/generic/gettitlestring/gettitlestring.sty
Package: gettitlestring 2019/12/15 v1.6 Cleanup title references (HO)
)
\c@section@level=\count380
)
LaTeX Info: Redefining \ref on input line 97.
LaTeX Info: Redefining \pageref on input line 97.
LaTeX Info: Redefining \nameref on input line 97.

(./swebok_v4_ch01_06_ja_integrated.out) (./swebok_v4_ch01_06_ja_integrated.out)
\@outlinefile=\write5

\openout5 = swebok_v4_ch01_06_ja_integrated.out
(load cache: extra_lmroman17-regular.luc)
LaTeX Font Info:    Font shape `JT3/HaranoAjiMincho-Regular.otf(0)/m/n' will be

(Font)              scaled to size 15.97903pt on input line 103.
LaTeX Font Info:    Font shape `JY3/HaranoAjiMincho-Regular.otf(0)/m/n' will be

(Font)              scaled to size 15.97903pt on input line 103.
(load cache: extra_lmroman12-bold.luc)
LaTeX Font Info:    Font shape `JT3/HaranoAjiMincho-Regular.otf(0)/b/n' will be

(Font)              scaled to size 15.97903pt on input line 103.
LaTeX Font Info:    Font shape `JY3/HaranoAjiMincho-Regular.otf(0)/b/n' will be

(Font)              scaled to size 15.97903pt on input line 103.
(load cache: extra_lmroman12-regular.luc)
LaTeX Font Info:    Font shape `JT3/HaranoAjiMincho-Regular.otf(0)/m/n' will be

(Font)              scaled to size 13.31584pt on input line 105.
LaTeX Font Info:    Font shape `JY3/HaranoAjiMincho-Regular.otf(0)/m/n' will be

(Font)              scaled to size 13.31584pt on input line 105.
LaTeX Font Info:    Font shape `JT3/HaranoAjiMincho-Regular.otf(0)/m/n' will be

(Font)              scaled to size 11.09656pt on input line 107.
LaTeX Font Info:    Font shape `JY3/HaranoAjiMincho-Regular.otf(0)/m/n' will be

(Font)              scaled to size 11.09656pt on input line 107.
LaTeX Font Info:    Font shape `JT3/HaranoAjiMincho-Regular.otf(0)/b/n' will be

(Font)              scaled to size 9.24713pt on input line 115.
LaTeX Font Info:    Font shape `JY3/HaranoAjiMincho-Regular.otf(0)/b/n' will be

(Font)              scaled to size 9.24713pt on input line 115.
LaTeX Font Info:    Font shape `JT3/HaranoAjiGothic-Medium.otf(0)/m/n' will be
(Font)              scaled to size 9.24713pt on input line 121.
LaTeX Font Info:    Font shape `JY3/HaranoAjiGothic-Medium.otf(0)/m/n' will be
(Font)              scaled to size 9.24713pt on input line 121.
(load cache: extra_lmsans10-regular.luc)
LaTeX Font Info:    Font shape `JT3/HaranoAjiMincho-Regular.otf(0)/b/n' will be

(Font)              scaled to size 13.31584pt on input line 121.
LaTeX Font Info:    Font shape `JY3/HaranoAjiMincho-Regular.otf(0)/b/n' will be

(Font)              scaled to size 13.31584pt on input line 121.
(./swebok_v4_ch01_06_ja_integrated.toc
LaTeX Font Info:    Calculating math sizes for size <10.95001> on input line 3.

(load cache: extra_lmroman7-regular.luc)(load cache: extra_lmroman5-regular.luc)
LaTeX Font Info:    Font shape `JY3/HaranoAjiMincho-Regular.otf(0)/m/n' will be

(Font)              scaled to size 6.47295pt on input line 3.
LaTeX Font Info:    Font shape `JY3/HaranoAjiMincho-Regular.otf(0)/m/n' will be

(Font)              scaled to size 4.62357pt on input line 3.
LaTeX Font Info:    Trying loading font information for U+msa on input line 3.

(/usr/share/texlive/texmf-dist/tex/latex/amsfonts/umsa.fd
File: umsa.fd 2013/01/14 v3.01 AMS symbols A
)
LaTeX Font Info:    Trying loading font information for U+msb on input line 3.

(/usr/share/texlive/texmf-dist/tex/latex/amsfonts/umsb.fd
File: umsb.fd 2013/01/14 v3.01 AMS symbols B
) [1

{/var/lib/texmf/fonts/map/pdftex/updmap/pdftex.map}]

Package fancyhdr Warning: \headheight is too small (16.0pt): 
(fancyhdr)                Make it at least 17.52pt, for example:
(fancyhdr)                \setlength{\headheight}{17.52pt}.
(fancyhdr)                You might also make \topmargin smaller to compensate:

(fancyhdr)                \addtolength{\topmargin}{-1.52pt}.

[2]

Package fancyhdr Warning: \headheight is too small (16.0pt): 
(fancyhdr)                Make it at least 17.52pt, for example:
(fancyhdr)                \setlength{\headheight}{17.52pt}.
(fancyhdr)                You might also make \topmargin smaller to compensate:

(fancyhdr)                \addtolength{\topmargin}{-1.52pt}.

[3]

Package fancyhdr Warning: \headheight is too small (16.0pt): 
(fancyhdr)                Make it at least 17.52pt, for example:
(fancyhdr)                \setlength{\headheight}{17.52pt}.
(fancyhdr)                You might also make \topmargin smaller to compensate:

(fancyhdr)                \addtolength{\topmargin}{-1.52pt}.

[4]

Package fancyhdr Warning: \headheight is too small (16.0pt): 
(fancyhdr)                Make it at least 17.52pt, for example:
(fancyhdr)                \setlength{\headheight}{17.52pt}.
(fancyhdr)                You might also make \topmargin smaller to compensate:

(fancyhdr)                \addtolength{\topmargin}{-1.52pt}.

[5]

Package fancyhdr Warning: \headheight is too small (16.0pt): 
(fancyhdr)                Make it at least 17.52pt, for example:
(fancyhdr)                \setlength{\headheight}{17.52pt}.
(fancyhdr)                You might also make \topmargin smaller to compensate:

(fancyhdr)                \addtolength{\topmargin}{-1.52pt}.

[6]

Package fancyhdr Warning: \headheight is too small (16.0pt): 
(fancyhdr)                Make it at least 17.52pt, for example:
(fancyhdr)                \setlength{\headheight}{17.52pt}.
(fancyhdr)                You might also make \topmargin smaller to compensate:

(fancyhdr)                \addtolength{\topmargin}{-1.52pt}.

[7]

Package fancyhdr Warning: \headheight is too small (16.0pt): 
(fancyhdr)                Make it at least 17.52pt, for example:
(fancyhdr)                \setlength{\headheight}{17.52pt}.
(fancyhdr)                You might also make \topmargin smaller to compensate:

(fancyhdr)                \addtolength{\topmargin}{-1.52pt}.

[8]

Package fancyhdr Warning: \headheight is too small (16.0pt): 
(fancyhdr)                Make it at least 17.52pt, for example:
(fancyhdr)                \setlength{\headheight}{17.52pt}.
(fancyhdr)                You might also make \topmargin smaller to compensate:

(fancyhdr)                \addtolength{\topmargin}{-1.52pt}.

[9]

Package fancyhdr Warning: \headheight is too small (16.0pt): 
(fancyhdr)                Make it at least 17.52pt, for example:
(fancyhdr)                \setlength{\headheight}{17.52pt}.
(fancyhdr)                You might also make \topmargin smaller to compensate:

(fancyhdr)                \addtolength{\topmargin}{-1.52pt}.

[10])
\tf@toc=\write6

\openout6 = swebok_v4_ch01_06_ja_integrated.toc


Package fancyhdr Warning: \headheight is too small (16.0pt): 
(fancyhdr)                Make it at least 17.52pt, for example:
(fancyhdr)                \setlength{\headheight}{17.52pt}.
(fancyhdr)                You might also make \topmargin smaller to compensate:

(fancyhdr)                \addtolength{\topmargin}{-1.52pt}.

[11]
LaTeX Font Info:    Font shape `JT3/HaranoAjiMincho-Regular.otf(0)/m/n' will be

(Font)              scaled to size 7.3977pt on input line 131.
LaTeX Font Info:    Font shape `JY3/HaranoAjiMincho-Regular.otf(0)/m/n' will be

(Font)              scaled to size 7.3977pt on input line 131.
(load cache: extra_lmsans8-regular.luc)
LaTeX Font Info:    Font shape `JT3/HaranoAjiGothic-Medium.otf(0)/m/n' will be
(Font)              scaled to size 6.47299pt on input line 183.
LaTeX Font Info:    Font shape `JY3/HaranoAjiGothic-Medium.otf(0)/m/n' will be
(Font)              scaled to size 6.47299pt on input line 183.
LaTeX Font Info:    Calculating math sizes for size <7.66501> on input line 183
.


LaTeX Font Warning: Font shape `OML/cmm/m/it' in size <3.5> not available
(Font)              size <5> substituted on input line 183.


LaTeX Font Warning: Font shape `OMS/cmsy/m/n' in size <3.5> not available
(Font)              size <5> substituted on input line 183.

LaTeX Font Info:    Font shape `JY3/HaranoAjiMincho-Regular.otf(0)/m/n' will be

(Font)              scaled to size 6.47299pt on input line 183.
LaTeX Font Info:    Font shape `JY3/HaranoAjiMincho-Regular.otf(0)/m/n' will be

(Font)              scaled to size 4.53107pt on input line 183.
LaTeX Font Info:    Font shape `JY3/HaranoAjiMincho-Regular.otf(0)/m/n' will be

(Font)              scaled to size 3.2365pt on input line 183.

LaTeX Font Warning: Font shape `OT1/cmr/m/n' in size <3.5> not available
(Font)              size <5> substituted on input line 183.

LaTeX Font Info:    Font shape `JT3/HaranoAjiMincho-Regular.otf(0)/m/n' will be

(Font)              scaled to size 8.32242pt on input line 184.
LaTeX Font Info:    Font shape `JY3/HaranoAjiMincho-Regular.otf(0)/m/n' will be

(Font)              scaled to size 8.32242pt on input line 184.
LaTeX Font Info:    Font shape `JT3/HaranoAjiMincho-Regular.otf(0)/b/n' will be

(Font)              scaled to size 11.09656pt on input line 188.
LaTeX Font Info:    Font shape `JY3/HaranoAjiMincho-Regular.otf(0)/b/n' will be

(Font)              scaled to size 11.09656pt on input line 188.
[12

]

Package fancyhdr Warning: \headheight is too small (16.0pt): 
(fancyhdr)                Make it at least 17.52pt, for example:
(fancyhdr)                \setlength{\headheight}{17.52pt}.
(fancyhdr)                You might also make \topmargin smaller to compensate:

(fancyhdr)                \addtolength{\topmargin}{-1.52pt}.

[13](load cache: extra_lmroman8-bold.luc)
LaTeX Font Info:    Font shape `JT3/HaranoAjiMincho-Regular.otf(0)/b/n' will be

(Font)              scaled to size 7.3977pt on input line 237.
LaTeX Font Info:    Font shape `JY3/HaranoAjiMincho-Regular.otf(0)/b/n' will be

(Font)              scaled to size 7.3977pt on input line 237.
LaTeX Font Info:    Calculating math sizes for size <8.76001> on input line 238
.
(load cache: extra_lmroman6-regular.luc)

LaTeX Font Warning: Font shape `OML/cmm/m/it' in size <5.59996> not available
(Font)              size <6> substituted on input line 238.


LaTeX Font Warning: Font shape `OML/cmm/m/it' in size <4> not available
(Font)              size <5> substituted on input line 238.


LaTeX Font Warning: Font shape `OMS/cmsy/m/n' in size <5.59996> not available
(Font)              size <6> substituted on input line 238.


LaTeX Font Warning: Font shape `OMS/cmsy/m/n' in size <4> not available
(Font)              size <5> substituted on input line 238.

LaTeX Font Info:    Font shape `JY3/HaranoAjiMincho-Regular.otf(0)/m/n' will be

(Font)              scaled to size 5.17834pt on input line 238.
LaTeX Font Info:    Font shape `JY3/HaranoAjiMincho-Regular.otf(0)/m/n' will be

(Font)              scaled to size 3.69885pt on input line 238.

LaTeX Font Warning: Font shape `OT1/cmr/m/n' in size <5.59996> not available
(Font)              size <6> substituted on input line 238.


LaTeX Font Warning: Font shape `OT1/cmr/m/n' in size <4> not available
(Font)              size <5> substituted on input line 238.


Package fancyhdr Warning: \headheight is too small (16.0pt): 
(fancyhdr)                Make it at least 17.52pt, for example:
(fancyhdr)                \setlength{\headheight}{17.52pt}.
(fancyhdr)                You might also make \topmargin smaller to compensate:

(fancyhdr)                \addtolength{\topmargin}{-1.52pt}.

[14](load cache: extra_lmsans10-bold.luc)
LaTeX Font Info:    Font shape `JT3/HaranoAjiGothic-Medium.otf(0)/b/n' will be
(Font)              scaled to size 9.24713pt on input line 266.
LaTeX Font Info:    Font shape `JY3/HaranoAjiGothic-Medium.otf(0)/b/n' will be
(Font)              scaled to size 9.24713pt on input line 266.
LaTeX Font Info:    Font shape `JT3/HaranoAjiGothic-Medium.otf(0)/b/n' will be
(Font)              scaled to size 8.32242pt on input line 266.
LaTeX Font Info:    Font shape `JY3/HaranoAjiGothic-Medium.otf(0)/b/n' will be
(Font)              scaled to size 8.32242pt on input line 266.


Package fancyhdr Warning: \headheight is too small (16.0pt): 
(fancyhdr)                Make it at least 17.52pt, for example:
(fancyhdr)                \setlength{\headheight}{17.52pt}.
(fancyhdr)                You might also make \topmargin smaller to compensate:

(fancyhdr)                \addtolength{\topmargin}{-1.52pt}.

[15]

Package fancyhdr Warning: \headheight is too small (16.0pt): 
(fancyhdr)                Make it at least 17.52pt, for example:
(fancyhdr)                \setlength{\headheight}{17.52pt}.
(fancyhdr)                You might also make \topmargin smaller to compensate:

(fancyhdr)                \addtolength{\topmargin}{-1.52pt}.

[16]

Package fancyhdr Warning: \headheight is too small (16.0pt): 
(fancyhdr)                Make it at least 17.52pt, for example:
(fancyhdr)                \setlength{\headheight}{17.52pt}.
(fancyhdr)                You might also make \topmargin smaller to compensate:

(fancyhdr)                \addtolength{\topmargin}{-1.52pt}.

[17]

Package fancyhdr Warning: \headheight is too small (16.0pt): 
(fancyhdr)                Make it at least 17.52pt, for example:
(fancyhdr)                \setlength{\headheight}{17.52pt}.
(fancyhdr)                You might also make \topmargin smaller to compensate:

(fancyhdr)                \addtolength{\topmargin}{-1.52pt}.

[18]

Package fancyhdr Warning: \headheight is too small (16.0pt): 
(fancyhdr)                Make it at least 17.52pt, for example:
(fancyhdr)                \setlength{\headheight}{17.52pt}.
(fancyhdr)                You might also make \topmargin smaller to compensate:

(fancyhdr)                \addtolength{\topmargin}{-1.52pt}.

[19]

Package fancyhdr Warning: \headheight is too small (16.0pt): 
(fancyhdr)                Make it at least 17.52pt, for example:
(fancyhdr)                \setlength{\headheight}{17.52pt}.
(fancyhdr)                You might also make \topmargin smaller to compensate:

(fancyhdr)                \addtolength{\topmargin}{-1.52pt}.

[20]

Package fancyhdr Warning: \headheight is too small (16.0pt): 
(fancyhdr)                Make it at least 17.52pt, for example:
(fancyhdr)                \setlength{\headheight}{17.52pt}.
(fancyhdr)                You might also make \topmargin smaller to compensate:

(fancyhdr)                \addtolength{\topmargin}{-1.52pt}.

[21]

Package fancyhdr Warning: \headheight is too small (16.0pt): 
(fancyhdr)                Make it at least 17.52pt, for example:
(fancyhdr)                \setlength{\headheight}{17.52pt}.
(fancyhdr)                You might also make \topmargin smaller to compensate:

(fancyhdr)                \addtolength{\topmargin}{-1.52pt}.

[22]

Package fancyhdr Warning: \headheight is too small (16.0pt): 
(fancyhdr)                Make it at least 17.52pt, for example:
(fancyhdr)                \setlength{\headheight}{17.52pt}.
(fancyhdr)                You might also make \topmargin smaller to compensate:

(fancyhdr)                \addtolength{\topmargin}{-1.52pt}.

[23]

Package fancyhdr Warning: \headheight is too small (16.0pt): 
(fancyhdr)                Make it at least 17.52pt, for example:
(fancyhdr)                \setlength{\headheight}{17.52pt}.
(fancyhdr)                You might also make \topmargin smaller to compensate:

(fancyhdr)                \addtolength{\topmargin}{-1.52pt}.

[24]

Package fancyhdr Warning: \headheight is too small (16.0pt): 
(fancyhdr)                Make it at least 17.52pt, for example:
(fancyhdr)                \setlength{\headheight}{17.52pt}.
(fancyhdr)                You might also make \topmargin smaller to compensate:

(fancyhdr)                \addtolength{\topmargin}{-1.52pt}.

[25]

Package fancyhdr Warning: \headheight is too small (16.0pt): 
(fancyhdr)                Make it at least 17.52pt, for example:
(fancyhdr)                \setlength{\headheight}{17.52pt}.
(fancyhdr)                You might also make \topmargin smaller to compensate:

(fancyhdr)                \addtolength{\topmargin}{-1.52pt}.

[26]

Package fancyhdr Warning: \headheight is too small (16.0pt): 
(fancyhdr)                Make it at least 17.52pt, for example:
(fancyhdr)                \setlength{\headheight}{17.52pt}.
(fancyhdr)                You might also make \topmargin smaller to compensate:

(fancyhdr)                \addtolength{\topmargin}{-1.52pt}.

[27]

Package fancyhdr Warning: \headheight is too small (16.0pt): 
(fancyhdr)                Make it at least 17.52pt, for example:
(fancyhdr)                \setlength{\headheight}{17.52pt}.
(fancyhdr)                You might also make \topmargin smaller to compensate:

(fancyhdr)                \addtolength{\topmargin}{-1.52pt}.

[28]

Package fancyhdr Warning: \headheight is too small (16.0pt): 
(fancyhdr)                Make it at least 17.52pt, for example:
(fancyhdr)                \setlength{\headheight}{17.52pt}.
(fancyhdr)                You might also make \topmargin smaller to compensate:

(fancyhdr)                \addtolength{\topmargin}{-1.52pt}.

[29]

Package fancyhdr Warning: \headheight is too small (16.0pt): 
(fancyhdr)                Make it at least 17.52pt, for example:
(fancyhdr)                \setlength{\headheight}{17.52pt}.
(fancyhdr)                You might also make \topmargin smaller to compensate:

(fancyhdr)                \addtolength{\topmargin}{-1.52pt}.

[30]

Package fancyhdr Warning: \headheight is too small (16.0pt): 
(fancyhdr)                Make it at least 17.52pt, for example:
(fancyhdr)                \setlength{\headheight}{17.52pt}.
(fancyhdr)                You might also make \topmargin smaller to compensate:

(fancyhdr)                \addtolength{\topmargin}{-1.52pt}.

[31](load cache: extra_lmroman9-bold.luc)
LaTeX Font Info:    Font shape `JT3/HaranoAjiMincho-Regular.otf(0)/b/n' will be

(Font)              scaled to size 8.32242pt on input line 910.
LaTeX Font Info:    Font shape `JY3/HaranoAjiMincho-Regular.otf(0)/b/n' will be

(Font)              scaled to size 8.32242pt on input line 910.
(load cache: extra_lmroman9-italic.luc)
LaTeX Font Info:    Kanji font shape `JY3/HaranoAjiMincho-Regular.otf(0)/m/it' 
undefined
(Font)              No change on input line 916.
LaTeX Font Info:    Kanji font shape `JY3/HaranoAjiMincho-Regular.otf(0)/m/it' 
undefined
(Font)              No change on input line 916.
LaTeX Font Info:    Kanji font shape `JY3/HaranoAjiMincho-Regular.otf(0)/m/it' 
undefined
(Font)              No change on input line 922.
LaTeX Font Info:    Kanji font shape `JY3/HaranoAjiMincho-Regular.otf(0)/m/it' 
undefined
(Font)              No change on input line 923.
LaTeX Font Info:    Kanji font shape `JY3/HaranoAjiMincho-Regular.otf(0)/m/it' 
undefined
(Font)              No change on input line 933.
LaTeX Font Info:    Kanji font shape `JY3/HaranoAjiMincho-Regular.otf(0)/m/it' 
undefined
(Font)              No change on input line 948.


Package fancyhdr Warning: \headheight is too small (16.0pt): 
(fancyhdr)                Make it at least 17.52pt, for example:
(fancyhdr)                \setlength{\headheight}{17.52pt}.
(fancyhdr)                You might also make \topmargin smaller to compensate:

(fancyhdr)                \addtolength{\topmargin}{-1.52pt}.

[32]

Package fancyhdr Warning: \headheight is too small (16.0pt): 
(fancyhdr)                Make it at least 17.52pt, for example:
(fancyhdr)                \setlength{\headheight}{17.52pt}.
(fancyhdr)                You might also make \topmargin smaller to compensate:

(fancyhdr)                \addtolength{\topmargin}{-1.52pt}.

[33](load cache: extra_lmroman10-italic.luc)
LaTeX Font Info:    Kanji font shape `JY3/HaranoAjiMincho-Regular.otf(0)/m/it' 
undefined
(Font)              No change on input line 983.
LaTeX Font Info:    Kanji font shape `JY3/HaranoAjiMincho-Regular.otf(0)/m/it' 
undefined
(Font)              No change on input line 983.
(load cache: extra_lmroman8-italic.luc)
LaTeX Font Info:    Kanji font shape `JY3/HaranoAjiMincho-Regular.otf(0)/m/it' 
undefined
(Font)              No change on input line 989.
LaTeX Font Info:    Kanji font shape `JY3/HaranoAjiMincho-Regular.otf(0)/m/it' 
undefined
(Font)              No change on input line 990.
LaTeX Font Info:    Kanji font shape `JY3/HaranoAjiMincho-Regular.otf(0)/m/it' 
undefined
(Font)              No change on input line 991.
LaTeX Font Info:    Kanji font shape `JY3/HaranoAjiMincho-Regular.otf(0)/m/it' 
undefined
(Font)              No change on input line 992.
LaTeX Font Info:    Kanji font shape `JY3/HaranoAjiMincho-Regular.otf(0)/m/it' 
undefined
(Font)              No change on input line 993.
LaTeX Font Info:    Kanji font shape `JY3/HaranoAjiMincho-Regular.otf(0)/m/it' 
undefined
(Font)              No change on input line 994.
LaTeX Font Info:    Kanji font shape `JY3/HaranoAjiMincho-Regular.otf(0)/m/it' 
undefined
(Font)              No change on input line 995.
LaTeX Font Info:    Kanji font shape `JY3/HaranoAjiMincho-Regular.otf(0)/m/it' 
undefined
(Font)              No change on input line 996.
LaTeX Font Info:    Kanji font shape `JY3/HaranoAjiMincho-Regular.otf(0)/m/it' 
undefined
(Font)              No change on input line 997.


Package fancyhdr Warning: \headheight is too small (16.0pt): 
(fancyhdr)                Make it at least 17.52pt, for example:
(fancyhdr)                \setlength{\headheight}{17.52pt}.
(fancyhdr)                You might also make \topmargin smaller to compensate:

(fancyhdr)                \addtolength{\topmargin}{-1.52pt}.

[34]
LaTeX Font Info:    Kanji font shape `JY3/HaranoAjiMincho-Regular.otf(0)/m/it' 
undefined
(Font)              No change on input line 998.
LaTeX Font Info:    Kanji font shape `JY3/HaranoAjiMincho-Regular.otf(0)/m/it' 
undefined
(Font)              No change on input line 999.
LaTeX Font Info:    Kanji font shape `JY3/HaranoAjiMincho-Regular.otf(0)/m/it' 
undefined
(Font)              No change on input line 1000.
LaTeX Font Info:    Kanji font shape `JY3/HaranoAjiMincho-Regular.otf(0)/m/it' 
undefined
(Font)              No change on input line 1001.
LaTeX Font Info:    Kanji font shape `JY3/HaranoAjiMincho-Regular.otf(0)/m/it' 
undefined
(Font)              No change on input line 1002.
LaTeX Font Info:    Kanji font shape `JY3/HaranoAjiMincho-Regular.otf(0)/m/it' 
undefined
(Font)              No change on input line 1003.
LaTeX Font Info:    Kanji font shape `JY3/HaranoAjiMincho-Regular.otf(0)/m/it' 
undefined
(Font)              No change on input line 1004.
LaTeX Font Info:    Kanji font shape `JY3/HaranoAjiMincho-Regular.otf(0)/m/it' 
undefined
(Font)              No change on input line 1005.
LaTeX Font Info:    Kanji font shape `JY3/HaranoAjiMincho-Regular.otf(0)/m/it' 
undefined
(Font)              No change on input line 1006.
LaTeX Font Info:    Kanji font shape `JY3/HaranoAjiMincho-Regular.otf(0)/m/it' 
undefined
(Font)              No change on input line 1007.
LaTeX Font Info:    Kanji font shape `JY3/HaranoAjiMincho-Regular.otf(0)/m/it' 
undefined
(Font)              No change on input line 1008.
LaTeX Font Info:    Kanji font shape `JY3/HaranoAjiMincho-Regular.otf(0)/m/it' 
undefined
(Font)              No change on input line 1009.
LaTeX Font Info:    Kanji font shape `JY3/HaranoAjiMincho-Regular.otf(0)/m/it' 
undefined
(Font)              No change on input line 1010.
LaTeX Font Info:    Kanji font shape `JY3/HaranoAjiMincho-Regular.otf(0)/m/it' 
undefined
(Font)              No change on input line 1012.
LaTeX Font Info:    Kanji font shape `JY3/HaranoAjiMincho-Regular.otf(0)/m/it' 
undefined
(Font)              No change on input line 1013.
LaTeX Font Info:    Kanji font shape `JY3/HaranoAjiMincho-Regular.otf(0)/m/it' 
undefined
(Font)              No change on input line 1014.
LaTeX Font Info:    Kanji font shape `JY3/HaranoAjiMincho-Regular.otf(0)/m/it' 
undefined
(Font)              No change on input line 1015.
LaTeX Font Info:    Kanji font shape `JY3/HaranoAjiMincho-Regular.otf(0)/m/it' 
undefined
(Font)              No change on input line 1016.
LaTeX Font Info:    Kanji font shape `JY3/HaranoAjiMincho-Regular.otf(0)/m/it' 
undefined
(Font)              No change on input line 1017.
LaTeX Font Info:    Kanji font shape `JY3/HaranoAjiMincho-Regular.otf(0)/m/it' 
undefined
(Font)              No change on input line 1018.


Package fancyhdr Warning: \headheight is too small (16.0pt): 
(fancyhdr)                Make it at least 17.52pt, for example:
(fancyhdr)                \setlength{\headheight}{17.52pt}.
(fancyhdr)                You might also make \topmargin smaller to compensate:

(fancyhdr)                \addtolength{\topmargin}{-1.52pt}.

[35] [36

]

Package fancyhdr Warning: \headheight is too small (16.0pt): 
(fancyhdr)                Make it at least 17.52pt, for example:
(fancyhdr)                \setlength{\headheight}{17.52pt}.
(fancyhdr)                You might also make \topmargin smaller to compensate:

(fancyhdr)                \addtolength{\topmargin}{-1.52pt}.

[37]

Package fancyhdr Warning: \headheight is too small (16.0pt): 
(fancyhdr)                Make it at least 17.52pt, for example:
(fancyhdr)                \setlength{\headheight}{17.52pt}.
(fancyhdr)                You might also make \topmargin smaller to compensate:

(fancyhdr)                \addtolength{\topmargin}{-1.52pt}.

[38]

Package fancyhdr Warning: \headheight is too small (16.0pt): 
(fancyhdr)                Make it at least 17.52pt, for example:
(fancyhdr)                \setlength{\headheight}{17.52pt}.
(fancyhdr)                You might also make \topmargin smaller to compensate:

(fancyhdr)                \addtolength{\topmargin}{-1.52pt}.

[39]

Package fancyhdr Warning: \headheight is too small (16.0pt): 
(fancyhdr)                Make it at least 17.52pt, for example:
(fancyhdr)                \setlength{\headheight}{17.52pt}.
(fancyhdr)                You might also make \topmargin smaller to compensate:

(fancyhdr)                \addtolength{\topmargin}{-1.52pt}.

[40]

Package hyperref Warning: The anchor of a bookmark and its parent's must not
(hyperref)                be the same. Added a new anchor on input line 1233.


Package fancyhdr Warning: \headheight is too small (16.0pt): 
(fancyhdr)                Make it at least 17.52pt, for example:
(fancyhdr)                \setlength{\headheight}{17.52pt}.
(fancyhdr)                You might also make \topmargin smaller to compensate:

(fancyhdr)                \addtolength{\topmargin}{-1.52pt}.

[41]

Package fancyhdr Warning: \headheight is too small (16.0pt): 
(fancyhdr)                Make it at least 17.52pt, for example:
(fancyhdr)                \setlength{\headheight}{17.52pt}.
(fancyhdr)                You might also make \topmargin smaller to compensate:

(fancyhdr)                \addtolength{\topmargin}{-1.52pt}.

[42]

Package fancyhdr Warning: \headheight is too small (16.0pt): 
(fancyhdr)                Make it at least 17.52pt, for example:
(fancyhdr)                \setlength{\headheight}{17.52pt}.
(fancyhdr)                You might also make \topmargin smaller to compensate:

(fancyhdr)                \addtolength{\topmargin}{-1.52pt}.

[43]

Package fancyhdr Warning: \headheight is too small (16.0pt): 
(fancyhdr)                Make it at least 17.52pt, for example:
(fancyhdr)                \setlength{\headheight}{17.52pt}.
(fancyhdr)                You might also make \topmargin smaller to compensate:

(fancyhdr)                \addtolength{\topmargin}{-1.52pt}.

[44]

Package hyperref Warning: The anchor of a bookmark and its parent's must not
(hyperref)                be the same. Added a new anchor on input line 1380.


Package fancyhdr Warning: \headheight is too small (16.0pt): 
(fancyhdr)                Make it at least 17.52pt, for example:
(fancyhdr)                \setlength{\headheight}{17.52pt}.
(fancyhdr)                You might also make \topmargin smaller to compensate:

(fancyhdr)                \addtolength{\topmargin}{-1.52pt}.

[45]

Package fancyhdr Warning: \headheight is too small (16.0pt): 
(fancyhdr)                Make it at least 17.52pt, for example:
(fancyhdr)                \setlength{\headheight}{17.52pt}.
(fancyhdr)                You might also make \topmargin smaller to compensate:

(fancyhdr)                \addtolength{\topmargin}{-1.52pt}.

[46]

Package fancyhdr Warning: \headheight is too small (16.0pt): 
(fancyhdr)                Make it at least 17.52pt, for example:
(fancyhdr)                \setlength{\headheight}{17.52pt}.
(fancyhdr)                You might also make \topmargin smaller to compensate:

(fancyhdr)                \addtolength{\topmargin}{-1.52pt}.

[47]

Package fancyhdr Warning: \headheight is too small (16.0pt): 
(fancyhdr)                Make it at least 17.52pt, for example:
(fancyhdr)                \setlength{\headheight}{17.52pt}.
(fancyhdr)                You might also make \topmargin smaller to compensate:

(fancyhdr)                \addtolength{\topmargin}{-1.52pt}.

[48]

Package fancyhdr Warning: \headheight is too small (16.0pt): 
(fancyhdr)                Make it at least 17.52pt, for example:
(fancyhdr)                \setlength{\headheight}{17.52pt}.
(fancyhdr)                You might also make \topmargin smaller to compensate:

(fancyhdr)                \addtolength{\topmargin}{-1.52pt}.

[49]

Package fancyhdr Warning: \headheight is too small (16.0pt): 
(fancyhdr)                Make it at least 17.52pt, for example:
(fancyhdr)                \setlength{\headheight}{17.52pt}.
(fancyhdr)                You might also make \topmargin smaller to compensate:

(fancyhdr)                \addtolength{\topmargin}{-1.52pt}.

[50]

Package fancyhdr Warning: \headheight is too small (16.0pt): 
(fancyhdr)                Make it at least 17.52pt, for example:
(fancyhdr)                \setlength{\headheight}{17.52pt}.
(fancyhdr)                You might also make \topmargin smaller to compensate:

(fancyhdr)                \addtolength{\topmargin}{-1.52pt}.

[51]

Package fancyhdr Warning: \headheight is too small (16.0pt): 
(fancyhdr)                Make it at least 17.52pt, for example:
(fancyhdr)                \setlength{\headheight}{17.52pt}.
(fancyhdr)                You might also make \topmargin smaller to compensate:

(fancyhdr)                \addtolength{\topmargin}{-1.52pt}.

[52]

Package fancyhdr Warning: \headheight is too small (16.0pt): 
(fancyhdr)                Make it at least 17.52pt, for example:
(fancyhdr)                \setlength{\headheight}{17.52pt}.
(fancyhdr)                You might also make \topmargin smaller to compensate:

(fancyhdr)                \addtolength{\topmargin}{-1.52pt}.

[53]
LaTeX Font Info:    Kanji font shape `JY3/HaranoAjiMincho-Regular.otf(0)/m/it' 
undefined
(Font)              No change on input line 1645.
LaTeX Font Info:    Kanji font shape `JY3/HaranoAjiMincho-Regular.otf(0)/m/it' 
undefined
(Font)              No change on input line 1646.
LaTeX Font Info:    Kanji font shape `JY3/HaranoAjiMincho-Regular.otf(0)/m/it' 
undefined
(Font)              No change on input line 1647.
LaTeX Font Info:    Kanji font shape `JY3/HaranoAjiMincho-Regular.otf(0)/m/it' 
undefined
(Font)              No change on input line 1648.
LaTeX Font Info:    Kanji font shape `JY3/HaranoAjiMincho-Regular.otf(0)/m/it' 
undefined
(Font)              No change on input line 1649.
LaTeX Font Info:    Kanji font shape `JY3/HaranoAjiMincho-Regular.otf(0)/m/it' 
undefined
(Font)              No change on input line 1650.
LaTeX Font Info:    Kanji font shape `JY3/HaranoAjiMincho-Regular.otf(0)/m/it' 
undefined
(Font)              No change on input line 1651.
LaTeX Font Info:    Kanji font shape `JY3/HaranoAjiMincho-Regular.otf(0)/m/it' 
undefined
(Font)              No change on input line 1652.
LaTeX Font Info:    Kanji font shape `JY3/HaranoAjiMincho-Regular.otf(0)/m/it' 
undefined
(Font)              No change on input line 1653.
LaTeX Font Info:    Kanji font shape `JY3/HaranoAjiMincho-Regular.otf(0)/m/it' 
undefined
(Font)              No change on input line 1654.
LaTeX Font Info:    Kanji font shape `JY3/HaranoAjiMincho-Regular.otf(0)/m/it' 
undefined
(Font)              No change on input line 1656.
LaTeX Font Info:    Kanji font shape `JY3/HaranoAjiMincho-Regular.otf(0)/m/it' 
undefined
(Font)              No change on input line 1657.
LaTeX Font Info:    Kanji font shape `JY3/HaranoAjiMincho-Regular.otf(0)/m/it' 
undefined
(Font)              No change on input line 1658.
LaTeX Font Info:    Kanji font shape `JY3/HaranoAjiMincho-Regular.otf(0)/m/it' 
undefined
(Font)              No change on input line 1659.
LaTeX Font Info:    Kanji font shape `JY3/HaranoAjiMincho-Regular.otf(0)/m/it' 
undefined
(Font)              No change on input line 1660.
LaTeX Font Info:    Kanji font shape `JY3/HaranoAjiMincho-Regular.otf(0)/m/it' 
undefined
(Font)              No change on input line 1661.
LaTeX Font Info:    Kanji font shape `JY3/HaranoAjiMincho-Regular.otf(0)/m/it' 
undefined
(Font)              No change on input line 1662.
LaTeX Font Info:    Kanji font shape `JY3/HaranoAjiMincho-Regular.otf(0)/m/it' 
undefined
(Font)              No change on input line 1663.
LaTeX Font Info:    Kanji font shape `JY3/HaranoAjiMincho-Regular.otf(0)/m/it' 
undefined
(Font)              No change on input line 1664.


Package fancyhdr Warning: \headheight is too small (16.0pt): 
(fancyhdr)                Make it at least 17.52pt, for example:
(fancyhdr)                \setlength{\headheight}{17.52pt}.
(fancyhdr)                You might also make \topmargin smaller to compensate:

(fancyhdr)                \addtolength{\topmargin}{-1.52pt}.

[54]
LaTeX Font Info:    Kanji font shape `JY3/HaranoAjiMincho-Regular.otf(0)/m/it' 
undefined
(Font)              No change on input line 1665.
LaTeX Font Info:    Kanji font shape `JY3/HaranoAjiMincho-Regular.otf(0)/m/it' 
undefined
(Font)              No change on input line 1666.
LaTeX Font Info:    Kanji font shape `JY3/HaranoAjiMincho-Regular.otf(0)/m/it' 
undefined
(Font)              No change on input line 1667.
LaTeX Font Info:    Kanji font shape `JY3/HaranoAjiMincho-Regular.otf(0)/m/it' 
undefined
(Font)              No change on input line 1668.
LaTeX Font Info:    Kanji font shape `JY3/HaranoAjiMincho-Regular.otf(0)/m/it' 
undefined
(Font)              No change on input line 1669.
LaTeX Font Info:    Kanji font shape `JY3/HaranoAjiMincho-Regular.otf(0)/m/it' 
undefined
(Font)              No change on input line 1670.
LaTeX Font Info:    Kanji font shape `JY3/HaranoAjiMincho-Regular.otf(0)/m/it' 
undefined
(Font)              No change on input line 1671.
LaTeX Font Info:    Kanji font shape `JY3/HaranoAjiMincho-Regular.otf(0)/m/it' 
undefined
(Font)              No change on input line 1672.
LaTeX Font Info:    Kanji font shape `JY3/HaranoAjiMincho-Regular.otf(0)/m/it' 
undefined
(Font)              No change on input line 1673.
LaTeX Font Info:    Kanji font shape `JY3/HaranoAjiMincho-Regular.otf(0)/m/it' 
undefined
(Font)              No change on input line 1674.
LaTeX Font Info:    Kanji font shape `JY3/HaranoAjiMincho-Regular.otf(0)/m/it' 
undefined
(Font)              No change on input line 1675.
LaTeX Font Info:    Kanji font shape `JY3/HaranoAjiMincho-Regular.otf(0)/m/it' 
undefined
(Font)              No change on input line 1677.
LaTeX Font Info:    Kanji font shape `JY3/HaranoAjiMincho-Regular.otf(0)/m/it' 
undefined
(Font)              No change on input line 1678.
LaTeX Font Info:    Kanji font shape `JY3/HaranoAjiMincho-Regular.otf(0)/m/it' 
undefined
(Font)              No change on input line 1679.
LaTeX Font Info:    Kanji font shape `JY3/HaranoAjiMincho-Regular.otf(0)/m/it' 
undefined
(Font)              No change on input line 1680.
LaTeX Font Info:    Kanji font shape `JY3/HaranoAjiMincho-Regular.otf(0)/m/it' 
undefined
(Font)              No change on input line 1681.
LaTeX Font Info:    Kanji font shape `JY3/HaranoAjiMincho-Regular.otf(0)/m/it' 
undefined
(Font)              No change on input line 1682.
LaTeX Font Info:    Kanji font shape `JY3/HaranoAjiMincho-Regular.otf(0)/m/it' 
undefined
(Font)              No change on input line 1683.
LaTeX Font Info:    Kanji font shape `JY3/HaranoAjiMincho-Regular.otf(0)/m/it' 
undefined
(Font)              No change on input line 1684.
LaTeX Font Info:    Kanji font shape `JY3/HaranoAjiMincho-Regular.otf(0)/m/it' 
undefined
(Font)              No change on input line 1685.


Package fancyhdr Warning: \headheight is too small (16.0pt): 
(fancyhdr)                Make it at least 17.52pt, for example:
(fancyhdr)                \setlength{\headheight}{17.52pt}.
(fancyhdr)                You might also make \topmargin smaller to compensate:

(fancyhdr)                \addtolength{\topmargin}{-1.52pt}.

[55]

Package fancyhdr Warning: \headheight is too small (16.0pt): 
(fancyhdr)                Make it at least 17.52pt, for example:
(fancyhdr)                \setlength{\headheight}{17.52pt}.
(fancyhdr)                You might also make \topmargin smaller to compensate:

(fancyhdr)                \addtolength{\topmargin}{-1.52pt}.

[56]
LaTeX Font Info:    Font shape `JT3/HaranoAjiMincho-Regular.otf(0)/m/n' will be

(Font)              scaled to size 23.00685pt on input line 1710.
LaTeX Font Info:    Font shape `JY3/HaranoAjiMincho-Regular.otf(0)/m/n' will be

(Font)              scaled to size 23.00685pt on input line 1710.
LaTeX Font Info:    Font shape `JT3/HaranoAjiMincho-Regular.otf(0)/b/n' will be

(Font)              scaled to size 23.00685pt on input line 1710.
LaTeX Font Info:    Font shape `JY3/HaranoAjiMincho-Regular.otf(0)/b/n' will be

(Font)              scaled to size 23.00685pt on input line 1710.
LaTeX Font Info:    Kanji font shape `JY3/HaranoAjiMincho-Regular.otf(0)/m/it' 
undefined
(Font)              No change on input line 1714.

warning  (pdf backend): ignoring duplicate destination with the name 'page.1'
[1

]
Overfull \hbox (10.12563pt too wide) in paragraph at lines 1794--1795
[][][][] 
 []


Package fancyhdr Warning: \headheight is too small (16.0pt): 
(fancyhdr)                Make it at least 17.52pt, for example:
(fancyhdr)                \setlength{\headheight}{17.52pt}.
(fancyhdr)                You might also make \topmargin smaller to compensate:

(fancyhdr)                \addtolength{\topmargin}{-1.52pt}.


warning  (pdf backend): ignoring duplicate destination with the name 'page.1'
[1]
Overfull \hbox (10.12563pt too wide) in paragraph at lines 1821--1822
[][][][] 
 []


Package fancyhdr Warning: \headheight is too small (16.0pt): 
(fancyhdr)                Make it at least 17.52pt, for example:
(fancyhdr)                \setlength{\headheight}{17.52pt}.
(fancyhdr)                You might also make \topmargin smaller to compensate:

(fancyhdr)                \addtolength{\topmargin}{-1.52pt}.


warning  (pdf backend): ignoring duplicate destination with the name 'page.2'
[2]

Package fancyhdr Warning: \headheight is too small (16.0pt): 
(fancyhdr)                Make it at least 17.52pt, for example:
(fancyhdr)                \setlength{\headheight}{17.52pt}.
(fancyhdr)                You might also make \topmargin smaller to compensate:

(fancyhdr)                \addtolength{\topmargin}{-1.52pt}.


warning  (pdf backend): ignoring duplicate destination with the name 'page.3'
[3]

Package fancyhdr Warning: \headheight is too small (16.0pt): 
(fancyhdr)                Make it at least 17.52pt, for example:
(fancyhdr)                \setlength{\headheight}{17.52pt}.
(fancyhdr)                You might also make \topmargin smaller to compensate:

(fancyhdr)                \addtolength{\topmargin}{-1.52pt}.


warning  (pdf backend): ignoring duplicate destination with the name 'page.4'
[4]

Package fancyhdr Warning: \headheight is too small (16.0pt): 
(fancyhdr)                Make it at least 17.52pt, for example:
(fancyhdr)                \setlength{\headheight}{17.52pt}.
(fancyhdr)                You might also make \topmargin smaller to compensate:

(fancyhdr)                \addtolength{\topmargin}{-1.52pt}.


warning  (pdf backend): ignoring duplicate destination with the name 'page.5'
[5]
Overfull \hbox (38.53578pt too wide) in alignment at lines 1937--1941
 [][][] 
 []


Overfull \hbox (38.53578pt too wide) in alignment at lines 1941--1954
 [][][] 
 []


Package fancyhdr Warning: \headheight is too small (16.0pt): 
(fancyhdr)                Make it at least 17.52pt, for example:
(fancyhdr)                \setlength{\headheight}{17.52pt}.
(fancyhdr)                You might also make \topmargin smaller to compensate:

(fancyhdr)                \addtolength{\topmargin}{-1.52pt}.


warning  (pdf backend): ignoring duplicate destination with the name 'page.6'
[6]

Package fancyhdr Warning: \headheight is too small (16.0pt): 
(fancyhdr)                Make it at least 17.52pt, for example:
(fancyhdr)                \setlength{\headheight}{17.52pt}.
(fancyhdr)                You might also make \topmargin smaller to compensate:

(fancyhdr)                \addtolength{\topmargin}{-1.52pt}.


warning  (pdf backend): ignoring duplicate destination with the name 'page.7'
[7]

Package fancyhdr Warning: \headheight is too small (16.0pt): 
(fancyhdr)                Make it at least 17.52pt, for example:
(fancyhdr)                \setlength{\headheight}{17.52pt}.
(fancyhdr)                You might also make \topmargin smaller to compensate:

(fancyhdr)                \addtolength{\topmargin}{-1.52pt}.


warning  (pdf backend): ignoring duplicate destination with the name 'page.8'
[8]

Package fancyhdr Warning: \headheight is too small (16.0pt): 
(fancyhdr)                Make it at least 17.52pt, for example:
(fancyhdr)                \setlength{\headheight}{17.52pt}.
(fancyhdr)                You might also make \topmargin smaller to compensate:

(fancyhdr)                \addtolength{\topmargin}{-1.52pt}.


warning  (pdf backend): ignoring duplicate destination with the name 'page.9'
[9]

Package fancyhdr Warning: \headheight is too small (16.0pt): 
(fancyhdr)                Make it at least 17.52pt, for example:
(fancyhdr)                \setlength{\headheight}{17.52pt}.
(fancyhdr)                You might also make \topmargin smaller to compensate:

(fancyhdr)                \addtolength{\topmargin}{-1.52pt}.


warning  (pdf backend): ignoring duplicate destination with the name 'page.10'
[10]

Package fancyhdr Warning: \headheight is too small (16.0pt): 
(fancyhdr)                Make it at least 17.52pt, for example:
(fancyhdr)                \setlength{\headheight}{17.52pt}.
(fancyhdr)                You might also make \topmargin smaller to compensate:

(fancyhdr)                \addtolength{\topmargin}{-1.52pt}.


warning  (pdf backend): ignoring duplicate destination with the name 'page.11'
[11]

Package fancyhdr Warning: \headheight is too small (16.0pt): 
(fancyhdr)                Make it at least 17.52pt, for example:
(fancyhdr)                \setlength{\headheight}{17.52pt}.
(fancyhdr)                You might also make \topmargin smaller to compensate:

(fancyhdr)                \addtolength{\topmargin}{-1.52pt}.


warning  (pdf backend): ignoring duplicate destination with the name 'page.12'
[12]

Package fancyhdr Warning: \headheight is too small (16.0pt): 
(fancyhdr)                Make it at least 17.52pt, for example:
(fancyhdr)                \setlength{\headheight}{17.52pt}.
(fancyhdr)                You might also make \topmargin smaller to compensate:

(fancyhdr)                \addtolength{\topmargin}{-1.52pt}.


warning  (pdf backend): ignoring duplicate destination with the name 'page.13'
[13]

Package fancyhdr Warning: \headheight is too small (16.0pt): 
(fancyhdr)                Make it at least 17.52pt, for example:
(fancyhdr)                \setlength{\headheight}{17.52pt}.
(fancyhdr)                You might also make \topmargin smaller to compensate:

(fancyhdr)                \addtolength{\topmargin}{-1.52pt}.


warning  (pdf backend): ignoring duplicate destination with the name 'page.14'
[14]

Package fancyhdr Warning: \headheight is too small (16.0pt): 
(fancyhdr)                Make it at least 17.52pt, for example:
(fancyhdr)                \setlength{\headheight}{17.52pt}.
(fancyhdr)                You might also make \topmargin smaller to compensate:

(fancyhdr)                \addtolength{\topmargin}{-1.52pt}.


warning  (pdf backend): ignoring duplicate destination with the name 'page.15'
[15]

Package fancyhdr Warning: \headheight is too small (16.0pt): 
(fancyhdr)                Make it at least 17.52pt, for example:
(fancyhdr)                \setlength{\headheight}{17.52pt}.
(fancyhdr)                You might also make \topmargin smaller to compensate:

(fancyhdr)                \addtolength{\topmargin}{-1.52pt}.


warning  (pdf backend): ignoring duplicate destination with the name 'page.16'
[16]

Package fancyhdr Warning: \headheight is too small (16.0pt): 
(fancyhdr)                Make it at least 17.52pt, for example:
(fancyhdr)                \setlength{\headheight}{17.52pt}.
(fancyhdr)                You might also make \topmargin smaller to compensate:

(fancyhdr)                \addtolength{\topmargin}{-1.52pt}.


warning  (pdf backend): ignoring duplicate destination with the name 'page.17'
[17]

Package fancyhdr Warning: \headheight is too small (16.0pt): 
(fancyhdr)                Make it at least 17.52pt, for example:
(fancyhdr)                \setlength{\headheight}{17.52pt}.
(fancyhdr)                You might also make \topmargin smaller to compensate:

(fancyhdr)                \addtolength{\topmargin}{-1.52pt}.


warning  (pdf backend): ignoring duplicate destination with the name 'page.18'
[18]

Package fancyhdr Warning: \headheight is too small (16.0pt): 
(fancyhdr)                Make it at least 17.52pt, for example:
(fancyhdr)                \setlength{\headheight}{17.52pt}.
(fancyhdr)                You might also make \topmargin smaller to compensate:

(fancyhdr)                \addtolength{\topmargin}{-1.52pt}.


warning  (pdf backend): ignoring duplicate destination with the name 'page.19'
[19]
Overfull \hbox (10.12563pt too wide) in paragraph at lines 2441--2442
[][][][] 
 []


Package fancyhdr Warning: \headheight is too small (16.0pt): 
(fancyhdr)                Make it at least 17.52pt, for example:
(fancyhdr)                \setlength{\headheight}{17.52pt}.
(fancyhdr)                You might also make \topmargin smaller to compensate:

(fancyhdr)                \addtolength{\topmargin}{-1.52pt}.


warning  (pdf backend): ignoring duplicate destination with the name 'page.20'
[20]
Overfull \hbox (10.12563pt too wide) in paragraph at lines 2484--2485
[][][][] 
 []


Package fancyhdr Warning: \headheight is too small (16.0pt): 
(fancyhdr)                Make it at least 17.52pt, for example:
(fancyhdr)                \setlength{\headheight}{17.52pt}.
(fancyhdr)                You might also make \topmargin smaller to compensate:

(fancyhdr)                \addtolength{\topmargin}{-1.52pt}.


warning  (pdf backend): ignoring duplicate destination with the name 'page.21'
[21]
Overfull \hbox (25.69052pt too wide) in alignment at lines 2493--2497
 [][] 
 []


Overfull \hbox (25.69052pt too wide) in alignment at lines 2497--2541
 [][] 
 []


Package fancyhdr Warning: \headheight is too small (16.0pt): 
(fancyhdr)                Make it at least 17.52pt, for example:
(fancyhdr)                \setlength{\headheight}{17.52pt}.
(fancyhdr)                You might also make \topmargin smaller to compensate:

(fancyhdr)                \addtolength{\topmargin}{-1.52pt}.


warning  (pdf backend): ignoring duplicate destination with the name 'page.22'
[22]
LaTeX Font Info:    Kanji font shape `JY3/HaranoAjiMincho-Regular.otf(0)/m/it' 
undefined
(Font)              No change on input line 2560.
LaTeX Font Info:    Kanji font shape `JY3/HaranoAjiMincho-Regular.otf(0)/m/it' 
undefined
(Font)              No change on input line 2560.
LaTeX Font Info:    Kanji font shape `JY3/HaranoAjiMincho-Regular.otf(0)/m/it' 
undefined
(Font)              No change on input line 2560.
LaTeX Font Info:    Kanji font shape `JY3/HaranoAjiMincho-Regular.otf(0)/m/it' 
undefined
(Font)              No change on input line 2560.
LaTeX Font Info:    Kanji font shape `JY3/HaranoAjiMincho-Regular.otf(0)/m/it' 
undefined
(Font)              No change on input line 2560.

Overfull \hbox (10.12563pt too wide) in paragraph at lines 2560--2561
[][][][] 
 []


Package fancyhdr Warning: \headheight is too small (16.0pt): 
(fancyhdr)                Make it at least 17.52pt, for example:
(fancyhdr)                \setlength{\headheight}{17.52pt}.
(fancyhdr)                You might also make \topmargin smaller to compensate:

(fancyhdr)                \addtolength{\topmargin}{-1.52pt}.


warning  (pdf backend): ignoring duplicate destination with the name 'page.23'
[23]
LaTeX Font Info:    Kanji font shape `JY3/HaranoAjiMincho-Regular.otf(0)/m/it' 
undefined
(Font)              No change on input line 2565.
LaTeX Font Info:    Kanji font shape `JY3/HaranoAjiMincho-Regular.otf(0)/m/it' 
undefined
(Font)              No change on input line 2566.
LaTeX Font Info:    Kanji font shape `JY3/HaranoAjiMincho-Regular.otf(0)/m/it' 
undefined
(Font)              No change on input line 2567.
LaTeX Font Info:    Kanji font shape `JY3/HaranoAjiMincho-Regular.otf(0)/m/it' 
undefined
(Font)              No change on input line 2568.
LaTeX Font Info:    Kanji font shape `JY3/HaranoAjiMincho-Regular.otf(0)/m/it' 
undefined
(Font)              No change on input line 2570.
LaTeX Font Info:    Kanji font shape `JY3/HaranoAjiMincho-Regular.otf(0)/m/it' 
undefined
(Font)              No change on input line 2571.


Package fancyhdr Warning: \headheight is too small (16.0pt): 
(fancyhdr)                Make it at least 17.52pt, for example:
(fancyhdr)                \setlength{\headheight}{17.52pt}.
(fancyhdr)                You might also make \topmargin smaller to compensate:

(fancyhdr)                \addtolength{\topmargin}{-1.52pt}.


warning  (pdf backend): ignoring duplicate destination with the name 'page.24'
[24]
LaTeX Font Info:    Kanji font shape `JY3/HaranoAjiMincho-Regular.otf(0)/m/it' 
undefined
(Font)              No change on input line 2573.
LaTeX Font Info:    Kanji font shape `JY3/HaranoAjiMincho-Regular.otf(0)/m/it' 
undefined
(Font)              No change on input line 2574.
LaTeX Font Info:    Kanji font shape `JY3/HaranoAjiMincho-Regular.otf(0)/m/it' 
undefined
(Font)              No change on input line 2575.
LaTeX Font Info:    Kanji font shape `JY3/HaranoAjiMincho-Regular.otf(0)/m/it' 
undefined
(Font)              No change on input line 2577.
LaTeX Font Info:    Kanji font shape `JY3/HaranoAjiMincho-Regular.otf(0)/m/it' 
undefined
(Font)              No change on input line 2578.
LaTeX Font Info:    Kanji font shape `JY3/HaranoAjiMincho-Regular.otf(0)/m/it' 
undefined
(Font)              No change on input line 2579.
LaTeX Font Info:    Kanji font shape `JY3/HaranoAjiMincho-Regular.otf(0)/m/it' 
undefined
(Font)              No change on input line 2580.
LaTeX Font Info:    Kanji font shape `JY3/HaranoAjiMincho-Regular.otf(0)/m/it' 
undefined
(Font)              No change on input line 2581.
LaTeX Font Info:    Kanji font shape `JY3/HaranoAjiMincho-Regular.otf(0)/m/it' 
undefined
(Font)              No change on input line 2582.
LaTeX Font Info:    Kanji font shape `JY3/HaranoAjiMincho-Regular.otf(0)/m/it' 
undefined
(Font)              No change on input line 2583.
LaTeX Font Info:    Kanji font shape `JY3/HaranoAjiMincho-Regular.otf(0)/m/it' 
undefined
(Font)              No change on input line 2584.
LaTeX Font Info:    Kanji font shape `JY3/HaranoAjiMincho-Regular.otf(0)/m/it' 
undefined
(Font)              No change on input line 2585.


Package fancyhdr Warning: \headheight is too small (16.0pt): 
(fancyhdr)                Make it at least 17.52pt, for example:
(fancyhdr)                \setlength{\headheight}{17.52pt}.
(fancyhdr)                You might also make \topmargin smaller to compensate:

(fancyhdr)                \addtolength{\topmargin}{-1.52pt}.


warning  (pdf backend): ignoring duplicate destination with the name 'page.25'
[25]

Package fancyhdr Warning: \headheight is too small (16.0pt): 
(fancyhdr)                Make it at least 17.52pt, for example:
(fancyhdr)                \setlength{\headheight}{17.52pt}.
(fancyhdr)                You might also make \topmargin smaller to compensate:

(fancyhdr)                \addtolength{\topmargin}{-1.52pt}.


warning  (pdf backend): ignoring duplicate destination with the name 'page.26'
[26]
warning  (pdf backend): ignoring duplicate destination with the name 'page.27'
[27

]

Package fancyhdr Warning: \headheight is too small (16.0pt): 
(fancyhdr)                Make it at least 17.52pt, for example:
(fancyhdr)                \setlength{\headheight}{17.52pt}.
(fancyhdr)                You might also make \topmargin smaller to compensate:

(fancyhdr)                \addtolength{\topmargin}{-1.52pt}.


warning  (pdf backend): ignoring duplicate destination with the name 'page.28'
[28]

Package fancyhdr Warning: \headheight is too small (16.0pt): 
(fancyhdr)                Make it at least 17.52pt, for example:
(fancyhdr)                \setlength{\headheight}{17.52pt}.
(fancyhdr)                You might also make \topmargin smaller to compensate:

(fancyhdr)                \addtolength{\topmargin}{-1.52pt}.


warning  (pdf backend): ignoring duplicate destination with the name 'page.29'
[29]

Package fancyhdr Warning: \headheight is too small (16.0pt): 
(fancyhdr)                Make it at least 17.52pt, for example:
(fancyhdr)                \setlength{\headheight}{17.52pt}.
(fancyhdr)                You might also make \topmargin smaller to compensate:

(fancyhdr)                \addtolength{\topmargin}{-1.52pt}.


warning  (pdf backend): ignoring duplicate destination with the name 'page.30'
[30]

Package fancyhdr Warning: \headheight is too small (16.0pt): 
(fancyhdr)                Make it at least 17.52pt, for example:
(fancyhdr)                \setlength{\headheight}{17.52pt}.
(fancyhdr)                You might also make \topmargin smaller to compensate:

(fancyhdr)                \addtolength{\topmargin}{-1.52pt}.


warning  (pdf backend): ignoring duplicate destination with the name 'page.31'
[31]

Package fancyhdr Warning: \headheight is too small (16.0pt): 
(fancyhdr)                Make it at least 17.52pt, for example:
(fancyhdr)                \setlength{\headheight}{17.52pt}.
(fancyhdr)                You might also make \topmargin smaller to compensate:

(fancyhdr)                \addtolength{\topmargin}{-1.52pt}.


warning  (pdf backend): ignoring duplicate destination with the name 'page.32'
[32]

Package fancyhdr Warning: \headheight is too small (16.0pt): 
(fancyhdr)                Make it at least 17.52pt, for example:
(fancyhdr)                \setlength{\headheight}{17.52pt}.
(fancyhdr)                You might also make \topmargin smaller to compensate:

(fancyhdr)                \addtolength{\topmargin}{-1.52pt}.


warning  (pdf backend): ignoring duplicate destination with the name 'page.33'
[33]

Package fancyhdr Warning: \headheight is too small (16.0pt): 
(fancyhdr)                Make it at least 17.52pt, for example:
(fancyhdr)                \setlength{\headheight}{17.52pt}.
(fancyhdr)                You might also make \topmargin smaller to compensate:

(fancyhdr)                \addtolength{\topmargin}{-1.52pt}.


warning  (pdf backend): ignoring duplicate destination with the name 'page.34'
[34]

Package fancyhdr Warning: \headheight is too small (16.0pt): 
(fancyhdr)                Make it at least 17.52pt, for example:
(fancyhdr)                \setlength{\headheight}{17.52pt}.
(fancyhdr)                You might also make \topmargin smaller to compensate:

(fancyhdr)                \addtolength{\topmargin}{-1.52pt}.


warning  (pdf backend): ignoring duplicate destination with the name 'page.35'
[35]

Package fancyhdr Warning: \headheight is too small (16.0pt): 
(fancyhdr)                Make it at least 17.52pt, for example:
(fancyhdr)                \setlength{\headheight}{17.52pt}.
(fancyhdr)                You might also make \topmargin smaller to compensate:

(fancyhdr)                \addtolength{\topmargin}{-1.52pt}.


warning  (pdf backend): ignoring duplicate destination with the name 'page.36'
[36]

Package fancyhdr Warning: \headheight is too small (16.0pt): 
(fancyhdr)                Make it at least 17.52pt, for example:
(fancyhdr)                \setlength{\headheight}{17.52pt}.
(fancyhdr)                You might also make \topmargin smaller to compensate:

(fancyhdr)                \addtolength{\topmargin}{-1.52pt}.


warning  (pdf backend): ignoring duplicate destination with the name 'page.37'
[37]

Package fancyhdr Warning: \headheight is too small (16.0pt): 
(fancyhdr)                Make it at least 17.52pt, for example:
(fancyhdr)                \setlength{\headheight}{17.52pt}.
(fancyhdr)                You might also make \topmargin smaller to compensate:

(fancyhdr)                \addtolength{\topmargin}{-1.52pt}.


warning  (pdf backend): ignoring duplicate destination with the name 'page.38'
[38]

Package fancyhdr Warning: \headheight is too small (16.0pt): 
(fancyhdr)                Make it at least 17.52pt, for example:
(fancyhdr)                \setlength{\headheight}{17.52pt}.
(fancyhdr)                You might also make \topmargin smaller to compensate:

(fancyhdr)                \addtolength{\topmargin}{-1.52pt}.


warning  (pdf backend): ignoring duplicate destination with the name 'page.39'
[39]

Package fancyhdr Warning: \headheight is too small (16.0pt): 
(fancyhdr)                Make it at least 17.52pt, for example:
(fancyhdr)                \setlength{\headheight}{17.52pt}.
(fancyhdr)                You might also make \topmargin smaller to compensate:

(fancyhdr)                \addtolength{\topmargin}{-1.52pt}.


warning  (pdf backend): ignoring duplicate destination with the name 'page.40'
[40](load cache: extra_lmmono10-regular.luc)

Package fancyhdr Warning: \headheight is too small (16.0pt): 
(fancyhdr)                Make it at least 17.52pt, for example:
(fancyhdr)                \setlength{\headheight}{17.52pt}.
(fancyhdr)                You might also make \topmargin smaller to compensate:

(fancyhdr)                \addtolength{\topmargin}{-1.52pt}.


warning  (pdf backend): ignoring duplicate destination with the name 'page.41'
[41]

Package fancyhdr Warning: \headheight is too small (16.0pt): 
(fancyhdr)                Make it at least 17.52pt, for example:
(fancyhdr)                \setlength{\headheight}{17.52pt}.
(fancyhdr)                You might also make \topmargin smaller to compensate:

(fancyhdr)                \addtolength{\topmargin}{-1.52pt}.


warning  (pdf backend): ignoring duplicate destination with the name 'page.42'
[42]

Package fancyhdr Warning: \headheight is too small (16.0pt): 
(fancyhdr)                Make it at least 17.52pt, for example:
(fancyhdr)                \setlength{\headheight}{17.52pt}.
(fancyhdr)                You might also make \topmargin smaller to compensate:

(fancyhdr)                \addtolength{\topmargin}{-1.52pt}.


warning  (pdf backend): ignoring duplicate destination with the name 'page.43'
[43]

Package fancyhdr Warning: \headheight is too small (16.0pt): 
(fancyhdr)                Make it at least 17.52pt, for example:
(fancyhdr)                \setlength{\headheight}{17.52pt}.
(fancyhdr)                You might also make \topmargin smaller to compensate:

(fancyhdr)                \addtolength{\topmargin}{-1.52pt}.


warning  (pdf backend): ignoring duplicate destination with the name 'page.44'
[44]

Package fancyhdr Warning: \headheight is too small (16.0pt): 
(fancyhdr)                Make it at least 17.52pt, for example:
(fancyhdr)                \setlength{\headheight}{17.52pt}.
(fancyhdr)                You might also make \topmargin smaller to compensate:

(fancyhdr)                \addtolength{\topmargin}{-1.52pt}.


warning  (pdf backend): ignoring duplicate destination with the name 'page.45'
[45]

Package fancyhdr Warning: \headheight is too small (16.0pt): 
(fancyhdr)                Make it at least 17.52pt, for example:
(fancyhdr)                \setlength{\headheight}{17.52pt}.
(fancyhdr)                You might also make \topmargin smaller to compensate:

(fancyhdr)                \addtolength{\topmargin}{-1.52pt}.


warning  (pdf backend): ignoring duplicate destination with the name 'page.46'
[46]

Package fancyhdr Warning: \headheight is too small (16.0pt): 
(fancyhdr)                Make it at least 17.52pt, for example:
(fancyhdr)                \setlength{\headheight}{17.52pt}.
(fancyhdr)                You might also make \topmargin smaller to compensate:

(fancyhdr)                \addtolength{\topmargin}{-1.52pt}.


warning  (pdf backend): ignoring duplicate destination with the name 'page.47'
[47]
LaTeX Font Info:    Kanji font shape `JY3/HaranoAjiMincho-Regular.otf(0)/m/it' 
undefined
(Font)              No change on input line 3389.
LaTeX Font Info:    Kanji font shape `JY3/HaranoAjiMincho-Regular.otf(0)/m/it' 
undefined
(Font)              No change on input line 3389.
LaTeX Font Info:    Kanji font shape `JY3/HaranoAjiMincho-Regular.otf(0)/m/it' 
undefined
(Font)              No change on input line 3389.


Package fancyhdr Warning: \headheight is too small (16.0pt): 
(fancyhdr)                Make it at least 17.52pt, for example:
(fancyhdr)                \setlength{\headheight}{17.52pt}.
(fancyhdr)                You might also make \topmargin smaller to compensate:

(fancyhdr)                \addtolength{\topmargin}{-1.52pt}.


warning  (pdf backend): ignoring duplicate destination with the name 'page.48'
[48]

Package fancyhdr Warning: \headheight is too small (16.0pt): 
(fancyhdr)                Make it at least 17.52pt, for example:
(fancyhdr)                \setlength{\headheight}{17.52pt}.
(fancyhdr)                You might also make \topmargin smaller to compensate:

(fancyhdr)                \addtolength{\topmargin}{-1.52pt}.


warning  (pdf backend): ignoring duplicate destination with the name 'page.49'
[49]
LaTeX Font Info:    Kanji font shape `JY3/HaranoAjiMincho-Regular.otf(0)/m/it' 
undefined
(Font)              No change on input line 3442.
LaTeX Font Info:    Kanji font shape `JY3/HaranoAjiMincho-Regular.otf(0)/m/it' 
undefined
(Font)              No change on input line 3443.
LaTeX Font Info:    Kanji font shape `JY3/HaranoAjiMincho-Regular.otf(0)/m/it' 
undefined
(Font)              No change on input line 3444.
LaTeX Font Info:    Kanji font shape `JY3/HaranoAjiMincho-Regular.otf(0)/m/it' 
undefined
(Font)              No change on input line 3445.
LaTeX Font Info:    Kanji font shape `JY3/HaranoAjiMincho-Regular.otf(0)/m/it' 
undefined
(Font)              No change on input line 3446.


Package fancyhdr Warning: \headheight is too small (16.0pt): 
(fancyhdr)                Make it at least 17.52pt, for example:
(fancyhdr)                \setlength{\headheight}{17.52pt}.
(fancyhdr)                You might also make \topmargin smaller to compensate:

(fancyhdr)                \addtolength{\topmargin}{-1.52pt}.


warning  (pdf backend): ignoring duplicate destination with the name 'page.50'
[50]
LaTeX Font Info:    Kanji font shape `JY3/HaranoAjiMincho-Regular.otf(0)/m/it' 
undefined
(Font)              No change on input line 3455.
LaTeX Font Info:    Kanji font shape `JY3/HaranoAjiMincho-Regular.otf(0)/m/it' 
undefined
(Font)              No change on input line 3456.
LaTeX Font Info:    Kanji font shape `JY3/HaranoAjiMincho-Regular.otf(0)/m/it' 
undefined
(Font)              No change on input line 3457.
LaTeX Font Info:    Kanji font shape `JY3/HaranoAjiMincho-Regular.otf(0)/m/it' 
undefined
(Font)              No change on input line 3459.
LaTeX Font Info:    Kanji font shape `JY3/HaranoAjiMincho-Regular.otf(0)/m/it' 
undefined
(Font)              No change on input line 3460.
LaTeX Font Info:    Kanji font shape `JY3/HaranoAjiMincho-Regular.otf(0)/m/it' 
undefined
(Font)              No change on input line 3461.
LaTeX Font Info:    Kanji font shape `JY3/HaranoAjiMincho-Regular.otf(0)/m/it' 
undefined
(Font)              No change on input line 3462.
LaTeX Font Info:    Kanji font shape `JY3/HaranoAjiMincho-Regular.otf(0)/m/it' 
undefined
(Font)              No change on input line 3463.
LaTeX Font Info:    Kanji font shape `JY3/HaranoAjiMincho-Regular.otf(0)/m/it' 
undefined
(Font)              No change on input line 3464.
LaTeX Font Info:    Kanji font shape `JY3/HaranoAjiMincho-Regular.otf(0)/m/it' 
undefined
(Font)              No change on input line 3465.
LaTeX Font Info:    Kanji font shape `JY3/HaranoAjiMincho-Regular.otf(0)/m/it' 
undefined
(Font)              No change on input line 3466.
LaTeX Font Info:    Kanji font shape `JY3/HaranoAjiMincho-Regular.otf(0)/m/it' 
undefined
(Font)              No change on input line 3467.


Package fancyhdr Warning: \headheight is too small (16.0pt): 
(fancyhdr)                Make it at least 17.52pt, for example:
(fancyhdr)                \setlength{\headheight}{17.52pt}.
(fancyhdr)                You might also make \topmargin smaller to compensate:

(fancyhdr)                \addtolength{\topmargin}{-1.52pt}.


warning  (pdf backend): ignoring duplicate destination with the name 'page.51'
[51]

Package fancyhdr Warning: \headheight is too small (16.0pt): 
(fancyhdr)                Make it at least 17.52pt, for example:
(fancyhdr)                \setlength{\headheight}{17.52pt}.
(fancyhdr)                You might also make \topmargin smaller to compensate:

(fancyhdr)                \addtolength{\topmargin}{-1.52pt}.


warning  (pdf backend): ignoring duplicate destination with the name 'page.52'
[52]
warning  (pdf backend): ignoring duplicate destination with the name 'page.1'
[1

]

Package fancyhdr Warning: \headheight is too small (16.0pt): 
(fancyhdr)                Make it at least 17.52pt, for example:
(fancyhdr)                \setlength{\headheight}{17.52pt}.
(fancyhdr)                You might also make \topmargin smaller to compensate:

(fancyhdr)                \addtolength{\topmargin}{-1.52pt}.


warning  (pdf backend): ignoring duplicate destination with the name 'page.1'
[1]

Package fancyhdr Warning: \headheight is too small (16.0pt): 
(fancyhdr)                Make it at least 17.52pt, for example:
(fancyhdr)                \setlength{\headheight}{17.52pt}.
(fancyhdr)                You might also make \topmargin smaller to compensate:

(fancyhdr)                \addtolength{\topmargin}{-1.52pt}.


warning  (pdf backend): ignoring duplicate destination with the name 'page.2'
[2]

Package fancyhdr Warning: \headheight is too small (16.0pt): 
(fancyhdr)                Make it at least 17.52pt, for example:
(fancyhdr)                \setlength{\headheight}{17.52pt}.
(fancyhdr)                You might also make \topmargin smaller to compensate:

(fancyhdr)                \addtolength{\topmargin}{-1.52pt}.


warning  (pdf backend): ignoring duplicate destination with the name 'page.3'
[3]

Package fancyhdr Warning: \headheight is too small (16.0pt): 
(fancyhdr)                Make it at least 17.52pt, for example:
(fancyhdr)                \setlength{\headheight}{17.52pt}.
(fancyhdr)                You might also make \topmargin smaller to compensate:

(fancyhdr)                \addtolength{\topmargin}{-1.52pt}.


warning  (pdf backend): ignoring duplicate destination with the name 'page.4'
[4]

Package fancyhdr Warning: \headheight is too small (16.0pt): 
(fancyhdr)                Make it at least 17.52pt, for example:
(fancyhdr)                \setlength{\headheight}{17.52pt}.
(fancyhdr)                You might also make \topmargin smaller to compensate:

(fancyhdr)                \addtolength{\topmargin}{-1.52pt}.


warning  (pdf backend): ignoring duplicate destination with the name 'page.5'
[5]

Package fancyhdr Warning: \headheight is too small (16.0pt): 
(fancyhdr)                Make it at least 17.52pt, for example:
(fancyhdr)                \setlength{\headheight}{17.52pt}.
(fancyhdr)                You might also make \topmargin smaller to compensate:

(fancyhdr)                \addtolength{\topmargin}{-1.52pt}.


warning  (pdf backend): ignoring duplicate destination with the name 'page.6'
[6]

Package fancyhdr Warning: \headheight is too small (16.0pt): 
(fancyhdr)                Make it at least 17.52pt, for example:
(fancyhdr)                \setlength{\headheight}{17.52pt}.
(fancyhdr)                You might also make \topmargin smaller to compensate:

(fancyhdr)                \addtolength{\topmargin}{-1.52pt}.


warning  (pdf backend): ignoring duplicate destination with the name 'page.7'
[7]

Package fancyhdr Warning: \headheight is too small (16.0pt): 
(fancyhdr)                Make it at least 17.52pt, for example:
(fancyhdr)                \setlength{\headheight}{17.52pt}.
(fancyhdr)                You might also make \topmargin smaller to compensate:

(fancyhdr)                \addtolength{\topmargin}{-1.52pt}.


warning  (pdf backend): ignoring duplicate destination with the name 'page.8'
[8]

Package fancyhdr Warning: \headheight is too small (16.0pt): 
(fancyhdr)                Make it at least 17.52pt, for example:
(fancyhdr)                \setlength{\headheight}{17.52pt}.
(fancyhdr)                You might also make \topmargin smaller to compensate:

(fancyhdr)                \addtolength{\topmargin}{-1.52pt}.


warning  (pdf backend): ignoring duplicate destination with the name 'page.9'
[9]

Package fancyhdr Warning: \headheight is too small (16.0pt): 
(fancyhdr)                Make it at least 17.52pt, for example:
(fancyhdr)                \setlength{\headheight}{17.52pt}.
(fancyhdr)                You might also make \topmargin smaller to compensate:

(fancyhdr)                \addtolength{\topmargin}{-1.52pt}.


warning  (pdf backend): ignoring duplicate destination with the name 'page.10'
[10]

Package fancyhdr Warning: \headheight is too small (16.0pt): 
(fancyhdr)                Make it at least 17.52pt, for example:
(fancyhdr)                \setlength{\headheight}{17.52pt}.
(fancyhdr)                You might also make \topmargin smaller to compensate:

(fancyhdr)                \addtolength{\topmargin}{-1.52pt}.


warning  (pdf backend): ignoring duplicate destination with the name 'page.11'
[11]

Package fancyhdr Warning: \headheight is too small (16.0pt): 
(fancyhdr)                Make it at least 17.52pt, for example:
(fancyhdr)                \setlength{\headheight}{17.52pt}.
(fancyhdr)                You might also make \topmargin smaller to compensate:

(fancyhdr)                \addtolength{\topmargin}{-1.52pt}.


warning  (pdf backend): ignoring duplicate destination with the name 'page.12'
[12]

Package fancyhdr Warning: \headheight is too small (16.0pt): 
(fancyhdr)                Make it at least 17.52pt, for example:
(fancyhdr)                \setlength{\headheight}{17.52pt}.
(fancyhdr)                You might also make \topmargin smaller to compensate:

(fancyhdr)                \addtolength{\topmargin}{-1.52pt}.


warning  (pdf backend): ignoring duplicate destination with the name 'page.13'
[13]

Package fancyhdr Warning: \headheight is too small (16.0pt): 
(fancyhdr)                Make it at least 17.52pt, for example:
(fancyhdr)                \setlength{\headheight}{17.52pt}.
(fancyhdr)                You might also make \topmargin smaller to compensate:

(fancyhdr)                \addtolength{\topmargin}{-1.52pt}.


warning  (pdf backend): ignoring duplicate destination with the name 'page.14'
[14]

Package fancyhdr Warning: \headheight is too small (16.0pt): 
(fancyhdr)                Make it at least 17.52pt, for example:
(fancyhdr)                \setlength{\headheight}{17.52pt}.
(fancyhdr)                You might also make \topmargin smaller to compensate:

(fancyhdr)                \addtolength{\topmargin}{-1.52pt}.


warning  (pdf backend): ignoring duplicate destination with the name 'page.15'
[15]

Package fancyhdr Warning: \headheight is too small (16.0pt): 
(fancyhdr)                Make it at least 17.52pt, for example:
(fancyhdr)                \setlength{\headheight}{17.52pt}.
(fancyhdr)                You might also make \topmargin smaller to compensate:

(fancyhdr)                \addtolength{\topmargin}{-1.52pt}.


warning  (pdf backend): ignoring duplicate destination with the name 'page.16'
[16]

Package fancyhdr Warning: \headheight is too small (16.0pt): 
(fancyhdr)                Make it at least 17.52pt, for example:
(fancyhdr)                \setlength{\headheight}{17.52pt}.
(fancyhdr)                You might also make \topmargin smaller to compensate:

(fancyhdr)                \addtolength{\topmargin}{-1.52pt}.


warning  (pdf backend): ignoring duplicate destination with the name 'page.17'
[17]

Package fancyhdr Warning: \headheight is too small (16.0pt): 
(fancyhdr)                Make it at least 17.52pt, for example:
(fancyhdr)                \setlength{\headheight}{17.52pt}.
(fancyhdr)                You might also make \topmargin smaller to compensate:

(fancyhdr)                \addtolength{\topmargin}{-1.52pt}.


warning  (pdf backend): ignoring duplicate destination with the name 'page.18'
[18]

Package fancyhdr Warning: \headheight is too small (16.0pt): 
(fancyhdr)                Make it at least 17.52pt, for example:
(fancyhdr)                \setlength{\headheight}{17.52pt}.
(fancyhdr)                You might also make \topmargin smaller to compensate:

(fancyhdr)                \addtolength{\topmargin}{-1.52pt}.


warning  (pdf backend): ignoring duplicate destination with the name 'page.19'
[19]

Package fancyhdr Warning: \headheight is too small (16.0pt): 
(fancyhdr)                Make it at least 17.52pt, for example:
(fancyhdr)                \setlength{\headheight}{17.52pt}.
(fancyhdr)                You might also make \topmargin smaller to compensate:

(fancyhdr)                \addtolength{\topmargin}{-1.52pt}.


warning  (pdf backend): ignoring duplicate destination with the name 'page.20'
[20]

Package fancyhdr Warning: \headheight is too small (16.0pt): 
(fancyhdr)                Make it at least 17.52pt, for example:
(fancyhdr)                \setlength{\headheight}{17.52pt}.
(fancyhdr)                You might also make \topmargin smaller to compensate:

(fancyhdr)                \addtolength{\topmargin}{-1.52pt}.


warning  (pdf backend): ignoring duplicate destination with the name 'page.21'
[21]

Package fancyhdr Warning: \headheight is too small (16.0pt): 
(fancyhdr)                Make it at least 17.52pt, for example:
(fancyhdr)                \setlength{\headheight}{17.52pt}.
(fancyhdr)                You might also make \topmargin smaller to compensate:

(fancyhdr)                \addtolength{\topmargin}{-1.52pt}.


warning  (pdf backend): ignoring duplicate destination with the name 'page.22'
[22]

Package fancyhdr Warning: \headheight is too small (16.0pt): 
(fancyhdr)                Make it at least 17.52pt, for example:
(fancyhdr)                \setlength{\headheight}{17.52pt}.
(fancyhdr)                You might also make \topmargin smaller to compensate:

(fancyhdr)                \addtolength{\topmargin}{-1.52pt}.


warning  (pdf backend): ignoring duplicate destination with the name 'page.23'
[23]

Package fancyhdr Warning: \headheight is too small (16.0pt): 
(fancyhdr)                Make it at least 17.52pt, for example:
(fancyhdr)                \setlength{\headheight}{17.52pt}.
(fancyhdr)                You might also make \topmargin smaller to compensate:

(fancyhdr)                \addtolength{\topmargin}{-1.52pt}.


warning  (pdf backend): ignoring duplicate destination with the name 'page.24'
[24]

Package fancyhdr Warning: \headheight is too small (16.0pt): 
(fancyhdr)                Make it at least 17.52pt, for example:
(fancyhdr)                \setlength{\headheight}{17.52pt}.
(fancyhdr)                You might also make \topmargin smaller to compensate:

(fancyhdr)                \addtolength{\topmargin}{-1.52pt}.


warning  (pdf backend): ignoring duplicate destination with the name 'page.25'
[25]
LaTeX Font Info:    Kanji font shape `JY3/HaranoAjiMincho-Regular.otf(0)/m/it' 
undefined
(Font)              No change on input line 4307.
LaTeX Font Info:    Kanji font shape `JY3/HaranoAjiMincho-Regular.otf(0)/m/it' 
undefined
(Font)              No change on input line 4308.
LaTeX Font Info:    Kanji font shape `JY3/HaranoAjiMincho-Regular.otf(0)/m/it' 
undefined
(Font)              No change on input line 4309.
LaTeX Font Info:    Kanji font shape `JY3/HaranoAjiMincho-Regular.otf(0)/m/it' 
undefined
(Font)              No change on input line 4310.
LaTeX Font Info:    Kanji font shape `JY3/HaranoAjiMincho-Regular.otf(0)/m/it' 
undefined
(Font)              No change on input line 4311.
LaTeX Font Info:    Kanji font shape `JY3/HaranoAjiMincho-Regular.otf(0)/m/it' 
undefined
(Font)              No change on input line 4312.
LaTeX Font Info:    Kanji font shape `JY3/HaranoAjiMincho-Regular.otf(0)/m/it' 
undefined
(Font)              No change on input line 4313.
LaTeX Font Info:    Kanji font shape `JY3/HaranoAjiMincho-Regular.otf(0)/m/it' 
undefined
(Font)              No change on input line 4314.
LaTeX Font Info:    Kanji font shape `JY3/HaranoAjiMincho-Regular.otf(0)/m/it' 
undefined
(Font)              No change on input line 4315.
LaTeX Font Info:    Kanji font shape `JY3/HaranoAjiMincho-Regular.otf(0)/m/it' 
undefined
(Font)              No change on input line 4316.
LaTeX Font Info:    Kanji font shape `JY3/HaranoAjiMincho-Regular.otf(0)/m/it' 
undefined
(Font)              No change on input line 4318.
LaTeX Font Info:    Kanji font shape `JY3/HaranoAjiMincho-Regular.otf(0)/m/it' 
undefined
(Font)              No change on input line 4319.
LaTeX Font Info:    Kanji font shape `JY3/HaranoAjiMincho-Regular.otf(0)/m/it' 
undefined
(Font)              No change on input line 4320.
LaTeX Font Info:    Kanji font shape `JY3/HaranoAjiMincho-Regular.otf(0)/m/it' 
undefined
(Font)              No change on input line 4321.


Package fancyhdr Warning: \headheight is too small (16.0pt): 
(fancyhdr)                Make it at least 17.52pt, for example:
(fancyhdr)                \setlength{\headheight}{17.52pt}.
(fancyhdr)                You might also make \topmargin smaller to compensate:

(fancyhdr)                \addtolength{\topmargin}{-1.52pt}.


warning  (pdf backend): ignoring duplicate destination with the name 'page.26'
[26]
LaTeX Font Info:    Kanji font shape `JY3/HaranoAjiMincho-Regular.otf(0)/m/it' 
undefined
(Font)              No change on input line 4322.
LaTeX Font Info:    Kanji font shape `JY3/HaranoAjiMincho-Regular.otf(0)/m/it' 
undefined
(Font)              No change on input line 4323.
LaTeX Font Info:    Kanji font shape `JY3/HaranoAjiMincho-Regular.otf(0)/m/it' 
undefined
(Font)              No change on input line 4324.
LaTeX Font Info:    Kanji font shape `JY3/HaranoAjiMincho-Regular.otf(0)/m/it' 
undefined
(Font)              No change on input line 4325.


Package fancyhdr Warning: \headheight is too small (16.0pt): 
(fancyhdr)                Make it at least 17.52pt, for example:
(fancyhdr)                \setlength{\headheight}{17.52pt}.
(fancyhdr)                You might also make \topmargin smaller to compensate:

(fancyhdr)                \addtolength{\topmargin}{-1.52pt}.


warning  (pdf backend): ignoring duplicate destination with the name 'page.27'
[27]

Package fancyhdr Warning: \headheight is too small (16.0pt): 
(fancyhdr)                Make it at least 17.52pt, for example:
(fancyhdr)                \setlength{\headheight}{17.52pt}.
(fancyhdr)                You might also make \topmargin smaller to compensate:

(fancyhdr)                \addtolength{\topmargin}{-1.52pt}.


warning  (pdf backend): ignoring duplicate destination with the name 'page.28'
[28]
LaTeX Font Info:    Font shape `JT3/HaranoAjiGothic-Medium.otf(0)/b/n' will be
(Font)              scaled to size 20.26765pt on input line 4352.
LaTeX Font Info:    Font shape `JY3/HaranoAjiGothic-Medium.otf(0)/b/n' will be
(Font)              scaled to size 20.26765pt on input line 4352.
LaTeX Font Info:    Font shape `JT3/HaranoAjiGothic-Medium.otf(0)/b/n' will be
(Font)              scaled to size 25.33458pt on input line 4354.
LaTeX Font Info:    Font shape `JY3/HaranoAjiGothic-Medium.otf(0)/b/n' will be
(Font)              scaled to size 25.33458pt on input line 4354.
(load cache: extra_lmsans9-regular.luc)
LaTeX Font Info:    Font shape `JT3/HaranoAjiGothic-Medium.otf(0)/m/n' will be
(Font)              scaled to size 8.32242pt on input line 4374.
LaTeX Font Info:    Font shape `JY3/HaranoAjiGothic-Medium.otf(0)/m/n' will be
(Font)              scaled to size 8.32242pt on input line 4374.

warning  (pdf backend): ignoring duplicate destination with the name 'page.1'
[1

]

Package fancyhdr Warning: \headheight is too small (16.0pt): 
(fancyhdr)                Make it at least 17.52pt, for example:
(fancyhdr)                \setlength{\headheight}{17.52pt}.
(fancyhdr)                You might also make \topmargin smaller to compensate:

(fancyhdr)                \addtolength{\topmargin}{-1.52pt}.


warning  (pdf backend): ignoring duplicate destination with the name 'page.1'
[1]

Package fancyhdr Warning: \headheight is too small (16.0pt): 
(fancyhdr)                Make it at least 17.52pt, for example:
(fancyhdr)                \setlength{\headheight}{17.52pt}.
(fancyhdr)                You might also make \topmargin smaller to compensate:

(fancyhdr)                \addtolength{\topmargin}{-1.52pt}.


warning  (pdf backend): ignoring duplicate destination with the name 'page.2'
[2]

Package fancyhdr Warning: \headheight is too small (16.0pt): 
(fancyhdr)                Make it at least 17.52pt, for example:
(fancyhdr)                \setlength{\headheight}{17.52pt}.
(fancyhdr)                You might also make \topmargin smaller to compensate:

(fancyhdr)                \addtolength{\topmargin}{-1.52pt}.


warning  (pdf backend): ignoring duplicate destination with the name 'page.3'
[3]

Package fancyhdr Warning: \headheight is too small (16.0pt): 
(fancyhdr)                Make it at least 17.52pt, for example:
(fancyhdr)                \setlength{\headheight}{17.52pt}.
(fancyhdr)                You might also make \topmargin smaller to compensate:

(fancyhdr)                \addtolength{\topmargin}{-1.52pt}.


warning  (pdf backend): ignoring duplicate destination with the name 'page.4'
[4]

Package fancyhdr Warning: \headheight is too small (16.0pt): 
(fancyhdr)                Make it at least 17.52pt, for example:
(fancyhdr)                \setlength{\headheight}{17.52pt}.
(fancyhdr)                You might also make \topmargin smaller to compensate:

(fancyhdr)                \addtolength{\topmargin}{-1.52pt}.


warning  (pdf backend): ignoring duplicate destination with the name 'page.5'
[5]

Package fancyhdr Warning: \headheight is too small (16.0pt): 
(fancyhdr)                Make it at least 17.52pt, for example:
(fancyhdr)                \setlength{\headheight}{17.52pt}.
(fancyhdr)                You might also make \topmargin smaller to compensate:

(fancyhdr)                \addtolength{\topmargin}{-1.52pt}.


warning  (pdf backend): ignoring duplicate destination with the name 'page.6'
[6]

Package fancyhdr Warning: \headheight is too small (16.0pt): 
(fancyhdr)                Make it at least 17.52pt, for example:
(fancyhdr)                \setlength{\headheight}{17.52pt}.
(fancyhdr)                You might also make \topmargin smaller to compensate:

(fancyhdr)                \addtolength{\topmargin}{-1.52pt}.


warning  (pdf backend): ignoring duplicate destination with the name 'page.7'
[7]

Package fancyhdr Warning: \headheight is too small (16.0pt): 
(fancyhdr)                Make it at least 17.52pt, for example:
(fancyhdr)                \setlength{\headheight}{17.52pt}.
(fancyhdr)                You might also make \topmargin smaller to compensate:

(fancyhdr)                \addtolength{\topmargin}{-1.52pt}.


warning  (pdf backend): ignoring duplicate destination with the name 'page.8'
[8]

Package fancyhdr Warning: \headheight is too small (16.0pt): 
(fancyhdr)                Make it at least 17.52pt, for example:
(fancyhdr)                \setlength{\headheight}{17.52pt}.
(fancyhdr)                You might also make \topmargin smaller to compensate:

(fancyhdr)                \addtolength{\topmargin}{-1.52pt}.


warning  (pdf backend): ignoring duplicate destination with the name 'page.9'
[9]

Package fancyhdr Warning: \headheight is too small (16.0pt): 
(fancyhdr)                Make it at least 17.52pt, for example:
(fancyhdr)                \setlength{\headheight}{17.52pt}.
(fancyhdr)                You might also make \topmargin smaller to compensate:

(fancyhdr)                \addtolength{\topmargin}{-1.52pt}.


warning  (pdf backend): ignoring duplicate destination with the name 'page.10'
[10]

Package fancyhdr Warning: \headheight is too small (16.0pt): 
(fancyhdr)                Make it at least 17.52pt, for example:
(fancyhdr)                \setlength{\headheight}{17.52pt}.
(fancyhdr)                You might also make \topmargin smaller to compensate:

(fancyhdr)                \addtolength{\topmargin}{-1.52pt}.


warning  (pdf backend): ignoring duplicate destination with the name 'page.11'
[11]

Package fancyhdr Warning: \headheight is too small (16.0pt): 
(fancyhdr)                Make it at least 17.52pt, for example:
(fancyhdr)                \setlength{\headheight}{17.52pt}.
(fancyhdr)                You might also make \topmargin smaller to compensate:

(fancyhdr)                \addtolength{\topmargin}{-1.52pt}.


warning  (pdf backend): ignoring duplicate destination with the name 'page.12'
[12]

Package fancyhdr Warning: \headheight is too small (16.0pt): 
(fancyhdr)                Make it at least 17.52pt, for example:
(fancyhdr)                \setlength{\headheight}{17.52pt}.
(fancyhdr)                You might also make \topmargin smaller to compensate:

(fancyhdr)                \addtolength{\topmargin}{-1.52pt}.


warning  (pdf backend): ignoring duplicate destination with the name 'page.13'
[13]

Package fancyhdr Warning: \headheight is too small (16.0pt): 
(fancyhdr)                Make it at least 17.52pt, for example:
(fancyhdr)                \setlength{\headheight}{17.52pt}.
(fancyhdr)                You might also make \topmargin smaller to compensate:

(fancyhdr)                \addtolength{\topmargin}{-1.52pt}.


warning  (pdf backend): ignoring duplicate destination with the name 'page.14'
[14]

Package fancyhdr Warning: \headheight is too small (16.0pt): 
(fancyhdr)                Make it at least 17.52pt, for example:
(fancyhdr)                \setlength{\headheight}{17.52pt}.
(fancyhdr)                You might also make \topmargin smaller to compensate:

(fancyhdr)                \addtolength{\topmargin}{-1.52pt}.


warning  (pdf backend): ignoring duplicate destination with the name 'page.15'
[15]

Package fancyhdr Warning: \headheight is too small (16.0pt): 
(fancyhdr)                Make it at least 17.52pt, for example:
(fancyhdr)                \setlength{\headheight}{17.52pt}.
(fancyhdr)                You might also make \topmargin smaller to compensate:

(fancyhdr)                \addtolength{\topmargin}{-1.52pt}.


warning  (pdf backend): ignoring duplicate destination with the name 'page.16'
[16]

Package fancyhdr Warning: \headheight is too small (16.0pt): 
(fancyhdr)                Make it at least 17.52pt, for example:
(fancyhdr)                \setlength{\headheight}{17.52pt}.
(fancyhdr)                You might also make \topmargin smaller to compensate:

(fancyhdr)                \addtolength{\topmargin}{-1.52pt}.


warning  (pdf backend): ignoring duplicate destination with the name 'page.17'
[17]
LaTeX Font Info:    Kanji font shape `JY3/HaranoAjiMincho-Regular.otf(0)/m/it' 
undefined
(Font)              No change on input line 5043.


Package fancyhdr Warning: \headheight is too small (16.0pt): 
(fancyhdr)                Make it at least 17.52pt, for example:
(fancyhdr)                \setlength{\headheight}{17.52pt}.
(fancyhdr)                You might also make \topmargin smaller to compensate:

(fancyhdr)                \addtolength{\topmargin}{-1.52pt}.


warning  (pdf backend): ignoring duplicate destination with the name 'page.18'
[18]
LaTeX Font Info:    Kanji font shape `JY3/HaranoAjiMincho-Regular.otf(0)/m/it' 
undefined
(Font)              No change on input line 5047.
LaTeX Font Info:    Kanji font shape `JY3/HaranoAjiMincho-Regular.otf(0)/m/it' 
undefined
(Font)              No change on input line 5049.
LaTeX Font Info:    Kanji font shape `JY3/HaranoAjiMincho-Regular.otf(0)/m/it' 
undefined
(Font)              No change on input line 5050.


Package fancyhdr Warning: \headheight is too small (16.0pt): 
(fancyhdr)                Make it at least 17.52pt, for example:
(fancyhdr)                \setlength{\headheight}{17.52pt}.
(fancyhdr)                You might also make \topmargin smaller to compensate:

(fancyhdr)                \addtolength{\topmargin}{-1.52pt}.


warning  (pdf backend): ignoring duplicate destination with the name 'page.19'
[19] 
AED: lastpage setting LastPage

Package fancyhdr Warning: \headheight is too small (16.0pt): 
(fancyhdr)                Make it at least 17.52pt, for example:
(fancyhdr)                \setlength{\headheight}{17.52pt}.
(fancyhdr)                You might also make \topmargin smaller to compensate:

(fancyhdr)                \addtolength{\topmargin}{-1.52pt}.


warning  (pdf backend): ignoring duplicate destination with the name 'page.20'
[20] (./swebok_v4_ch01_06_ja_integrated.aux)

LaTeX Font Warning: Size substitutions with differences
(Font)              up to 1.5pt have occurred.


LaTeX Warning: Label(s) may have changed. Rerun to get cross-references right.

Package rerunfilecheck Info: File `swebok_v4_ch01_06_ja_integrated.out' has not
 changed.
(rerunfilecheck)             Checksum: 97C019B27C454B0EDA182038C4505D34;36681.
)

Here is how much of LuaTeX's memory you used:
 36811 strings out of 477805
 597268,1373583 words of node,token memory allocated
 226408 words of node memory still in use:
   34 hlist, 2 vlist, 17 rule, 2 glue, 758 kern, 1 glyph, 60244 attribute, 16887
 glue_spec, 3397 attribute_list, 3 write, 2540 user_defined, 24 pdf_literal, 24 
pdf_colorstack nodes
   avail lists: 1:54,2:120677,3:1396,4:448,5:119,6:198,7:7426,8:67,9:2683,10:44,
11:530
 55328 multiletter control sequences out of 65536+600000
 125 fonts using 136431775 bytes
 114i,12n,112p,1808b,1373s stack positions out of 5000i,500n,10000p,200000b,80000s
</usr/share/texmf/fonts/opentype/public/lm/lmmono10-regular.otf></usr/share/texm
f/fonts/opentype/public/lm/lmsans10-bold.otf></usr/share/texmf/fonts/opentype/pu
blic/lm/lmroman17-regular.otf></usr/share/texmf/fonts/opentype/public/lm/lmsans8
-regular.otf></usr/share/texmf/fonts/opentype/public/lm/lmroman8-italic.otf></us
r/share/texmf/fonts/opentype/public/lm/lmroman10-italic.otf></usr/share/texmf/fo
nts/opentype/public/lm/lmroman9-italic.otf></usr/share/texmf/fonts/opentype/publ
ic/lm/lmroman9-bold.otf></usr/share/texmf/fonts/opentype/public/lm/lmroman8-bold
.otf></usr/share/texmf/fonts/opentype/public/lm/lmroman9-regular.otf></usr/share
/texmf/fonts/opentype/public/lm/lmroman10-bold.otf></usr/share/texmf/fonts/opent
ype/public/lm/lmroman8-regular.otf></usr/share/texmf/fonts/opentype/public/lm/lm
sans10-regular.otf></usr/share/texmf/fonts/opentype/public/lm/lmroman10-regular.
otf></usr/share/texmf/fonts/opentype/public/lm/lmroman12-regular.otf></usr/share
/texlive/texmf-dist/fonts/opentype/public/haranoaji/HaranoAjiMincho-Regular.otf>
</usr/share/texlive/texmf-dist/fonts/opentype/public/haranoaji/HaranoAjiGothic-M
edium.otf></usr/share/texmf/fonts/opentype/public/lm/lmroman12-bold.otf></usr/sh
are/texlive/texmf-dist/fonts/type1/public/amsfonts/cm/cmsy8.pfb>
Output written on swebok_v4_ch01_06_ja_integrated.pdf (159 pages, 954800 bytes).


PDF statistics: 2839 PDF objects out of 2984 (max. 8388607)
 2573 compressed objects within 26 object streams
 744 named destinations out of 1000 (max. 131072)
 2392 words of extra memory for PDF output out of 10000 (max. 100000000)

